,Date,Winner,Teams,Grand_prix,Total_laps,Year
0,1950-05-13,Nino Farina,Alfa Romeo,Great Britain,70.0,1950
1,1950-05-21,Juan Manuel Fangio,Alfa Romeo,Monaco,100.0,1950
2,1950-05-30,Johnnie Parsons,Kurtis Kraft Offenhauser,United States,138.0,1950
3,1950-06-04,Nino Farina,Alfa Romeo,Switzerland,42.0,1950
4,1950-06-18,Juan Manuel Fangio,Alfa Romeo,Belgium,35.0,1950
5,1950-07-02,Juan Manuel Fangio,Alfa Romeo,France,64.0,1950
6,1950-09-03,Nino Farina,Alfa Romeo,Italy,80.0,1950
7,1951-05-27,Juan Manuel Fangio,Alfa Romeo,Switzerland,42.0,1951
8,1951-05-30,Lee Wallard,Kurtis Kraft Offenhauser,United States,200.0,1951
9,1951-06-17,Nino Farina,Alfa Romeo,Belgium,36.0,1951
10,1951-07-01,Juan Manuel Fangio,Alfa Romeo,France,77.0,1951
11,1951-07-01,Luigi Fagioli,Alfa Romeo,France,77.0,1951
12,1951-07-14,Jose Froilan Gonzalez,Ferrari,Great Britain,90.0,1951
13,1951-07-29,Alberto Ascari,Ferrari,Germany,20.0,1951
14,1951-09-16,Alberto Ascari,Ferrari,Italy,80.0,1951
15,1951-10-28,Juan Manuel Fangio,Alfa Romeo,Spain,70.0,1951
16,1952-05-18,Piero Taruffi,Ferrari,Switzerland,62.0,1952
17,1952-05-30,Troy Ruttman,Kuzma Offenhauser,United States,200.0,1952
18,1952-06-22,Alberto Ascari,Ferrari,Belgium,36.0,1952
19,1952-07-06,Alberto Ascari,Ferrari,France,77.0,1952
20,1952-07-19,Alberto Ascari,Ferrari,Great Britain,85.0,1952
21,1952-08-03,Alberto Ascari,Ferrari,Germany,18.0,1952
22,1952-08-17,Alberto Ascari,Ferrari,Netherlands,90.0,1952
23,1952-09-07,Alberto Ascari,Ferrari,Italy,80.0,1952
24,1953-01-18,Alberto Ascari,Ferrari,Argentina,97.0,1953
25,1953-05-30,Bill Vukovich,Kurtis Kraft Offenhauser,United States,200.0,1953
26,1953-06-07,Alberto Ascari,Ferrari,Netherlands,90.0,1953
27,1953-06-21,Alberto Ascari,Ferrari,Belgium,36.0,1953
28,1953-07-05,Mike Hawthorn,Ferrari,France,60.0,1953
29,1953-07-18,Alberto Ascari,Ferrari,Great Britain,90.0,1953
30,1953-08-02,Nino Farina,Ferrari,Germany,18.0,1953
31,1953-08-23,Alberto Ascari,Ferrari,Switzerland,65.0,1953
32,1953-09-13,Juan Manuel Fangio,Maserati,Italy,80.0,1953
33,1954-01-17,Juan Manuel Fangio,Maserati,Argentina,87.0,1954
34,1954-05-31,Bill Vukovich,Kurtis Kraft Offenhauser,United States,200.0,1954
35,1954-06-20,Juan Manuel Fangio,Maserati,Belgium,36.0,1954
36,1954-07-04,Juan Manuel Fangio,Mercedes-Benz,France,61.0,1954
37,1954-07-17,Jose Froilan Gonzalez,Ferrari,Great Britain,90.0,1954
38,1954-08-01,Juan Manuel Fangio,Mercedes-Benz,Germany,22.0,1954
39,1954-08-22,Juan Manuel Fangio,Mercedes-Benz,Switzerland,66.0,1954
40,1954-09-05,Juan Manuel Fangio,Mercedes-Benz,Italy,80.0,1954
41,1954-10-24,Mike Hawthorn,Ferrari,Spain,80.0,1954
42,1955-01-16,Juan Manuel Fangio,Mercedes-Benz,Argentina,96.0,1955
43,1955-05-22,Maurice Trintignant,Ferrari,Monaco,100.0,1955
44,1955-05-30,Bob Sweikert,Kurtis Kraft Offenhauser,United States,200.0,1955
45,1955-06-05,Juan Manuel Fangio,Mercedes-Benz,Belgium,36.0,1955
46,1955-06-19,Juan Manuel Fangio,Mercedes-Benz,Netherlands,100.0,1955
47,1955-07-16,Stirling Moss,Mercedes-Benz,Great Britain,90.0,1955
48,1955-09-11,Juan Manuel Fangio,Mercedes-Benz,Italy,50.0,1955
49,1956-01-22,Luigi Musso,Ferrari,Argentina,98.0,1956
50,1956-01-22,Juan Manuel Fangio,Ferrari,Argentina,98.0,1956
51,1956-05-13,Stirling Moss,Maserati,Monaco,100.0,1956
52,1956-05-30,Pat Flaherty,Watson Offenhauser,United States,200.0,1956
53,1956-06-03,Peter Collins,Ferrari,Belgium,36.0,1956
54,1956-07-01,Peter Collins,Ferrari,France,61.0,1956
55,1956-07-14,Juan Manuel Fangio,Ferrari,Great Britain,101.0,1956
56,1956-08-05,Juan Manuel Fangio,Ferrari,Germany,22.0,1956
57,1956-09-02,Stirling Moss,Maserati,Italy,50.0,1956
58,1957-01-13,Juan Manuel Fangio,Maserati,Argentina,100.0,1957
59,1957-05-19,Juan Manuel Fangio,Maserati,Monaco,105.0,1957
60,1957-05-30,Sam Hanks,Epperly Offenhauser,United States,200.0,1957
61,1957-07-07,Juan Manuel Fangio,Maserati,France,77.0,1957
62,1957-07-20,Tony Brooks,Vanwall,Great Britain,90.0,1957
63,1957-07-20,Stirling Moss,Vanwall,Great Britain,90.0,1957
64,1957-08-04,Juan Manuel Fangio,Maserati,Germany,22.0,1957
65,1957-08-18,Stirling Moss,Vanwall,Italy,18.0,1957
66,1957-09-08,Stirling Moss,Vanwall,Italy,87.0,1957
67,1958-01-19,Stirling Moss,Cooper Climax,Argentina,80.0,1958
68,1958-05-18,Maurice Trintignant,Cooper Climax,Monaco,100.0,1958
69,1958-05-26,Stirling Moss,Vanwall,Netherlands,75.0,1958
70,1958-05-30,Jimmy Bryan,Epperly Offenhauser,United States,200.0,1958
71,1958-06-15,Tony Brooks,Vanwall,Belgium,24.0,1958
72,1958-07-06,Mike Hawthorn,Ferrari,France,50.0,1958
73,1958-07-19,Peter Collins,Ferrari,Great Britain,75.0,1958
74,1958-08-03,Tony Brooks,Vanwall,Germany,15.0,1958
75,1958-08-24,Stirling Moss,Vanwall,Portugal,50.0,1958
76,1958-09-07,Tony Brooks,Vanwall,Italy,70.0,1958
77,1958-10-19,Stirling Moss,Vanwall,Morocco,53.0,1958
78,1959-05-10,Jack Brabham,Cooper Climax,Monaco,100.0,1959
79,1959-05-30,Rodger Ward,Watson Offenhauser,United States,200.0,1959
80,1959-05-31,Jo Bonnier,BRM,Netherlands,75.0,1959
81,1959-07-05,Tony Brooks,Ferrari,France,50.0,1959
82,1959-07-18,Jack Brabham,Cooper Climax,Great Britain,75.0,1959
83,1959-08-02,Tony Brooks,Ferrari,Germany,60.0,1959
84,1959-08-23,Stirling Moss,Cooper Climax,Portugal,62.0,1959
85,1959-09-13,Stirling Moss,Cooper Climax,Italy,72.0,1959
86,1959-12-12,Bruce McLaren,Cooper Climax,United States,42.0,1959
87,1960-02-07,Bruce McLaren,Cooper Climax,Argentina,80.0,1960
88,1960-05-29,Stirling Moss,Lotus Climax,Monaco,100.0,1960
89,1960-05-30,Jim Rathmann,Watson Offenhauser,United States,200.0,1960
90,1960-06-06,Jack Brabham,Cooper Climax,Netherlands,75.0,1960
91,1960-06-19,Jack Brabham,Cooper Climax,Belgium,36.0,1960
92,1960-07-03,Jack Brabham,Cooper Climax,France,50.0,1960
93,1960-07-16,Jack Brabham,Cooper Climax,Great Britain,77.0,1960
94,1960-08-14,Jack Brabham,Cooper Climax,Portugal,55.0,1960
95,1960-09-04,Phil Hill,Ferrari,Italy,50.0,1960
96,1960-11-20,Stirling Moss,Lotus Climax,United States,75.0,1960
97,1961-05-14,Stirling Moss,Lotus Climax,Monaco,100.0,1961
98,1961-05-22,Wolfgang von Trips,Ferrari,Netherlands,75.0,1961
99,1961-06-18,Phil Hill,Ferrari,Belgium,30.0,1961
100,1961-07-02,Giancarlo Baghetti,Ferrari,France,52.0,1961
101,1961-07-15,Wolfgang von Trips,Ferrari,Great Britain,75.0,1961
102,1961-08-06,Stirling Moss,Lotus Climax,Germany,15.0,1961
103,1961-09-10,Phil Hill,Ferrari,Italy,43.0,1961
104,1961-10-08,Innes Ireland,Lotus Climax,United States,100.0,1961
105,1962-05-20,Graham Hill,BRM,Netherlands,80.0,1962
106,1962-06-03,Bruce McLaren,Cooper Climax,Monaco,100.0,1962
107,1962-06-17,Jim Clark,Lotus Climax,Belgium,32.0,1962
108,1962-07-08,Dan Gurney,Porsche,France,54.0,1962
109,1962-07-21,Jim Clark,Lotus Climax,Great Britain,75.0,1962
110,1962-08-05,Graham Hill,BRM,Germany,15.0,1962
111,1962-09-16,Graham Hill,BRM,Italy,86.0,1962
112,1962-10-07,Jim Clark,Lotus Climax,United States,100.0,1962
113,1962-12-29,Graham Hill,BRM,South Africa,82.0,1962
114,1963-05-26,Graham Hill,BRM,Monaco,100.0,1963
115,1963-06-09,Jim Clark,Lotus Climax,Belgium,32.0,1963
116,1963-06-23,Jim Clark,Lotus Climax,Netherlands,80.0,1963
117,1963-06-30,Jim Clark,Lotus Climax,France,53.0,1963
118,1963-07-20,Jim Clark,Lotus Climax,Great Britain,82.0,1963
119,1963-08-04,John Surtees,Ferrari,Germany,15.0,1963
120,1963-09-08,Jim Clark,Lotus Climax,Italy,86.0,1963
121,1963-10-06,Graham Hill,BRM,United States,110.0,1963
122,1963-10-27,Jim Clark,Lotus Climax,Mexico,65.0,1963
123,1963-12-28,Jim Clark,Lotus Climax,South Africa,85.0,1963
124,1964-05-10,Graham Hill,BRM,Monaco,100.0,1964
125,1964-05-24,Jim Clark,Lotus Climax,Netherlands,80.0,1964
126,1964-06-14,Jim Clark,Lotus Climax,Belgium,32.0,1964
127,1964-06-28,Dan Gurney,Brabham Climax,France,57.0,1964
128,1964-07-11,Jim Clark,Lotus Climax,Great Britain,80.0,1964
129,1964-08-02,John Surtees,Ferrari,Germany,15.0,1964
130,1964-08-23,Lorenzo Bandini,Ferrari,Austria,105.0,1964
131,1964-09-06,John Surtees,Ferrari,Italy,78.0,1964
132,1964-10-04,Graham Hill,BRM,United States,110.0,1964
133,1964-10-25,Dan Gurney,Brabham Climax,Mexico,65.0,1964
134,1965-01-01,Jim Clark,Lotus Climax,South Africa,85.0,1965
135,1965-05-30,Graham Hill,BRM,Monaco,100.0,1965
136,1965-06-13,Jim Clark,Lotus Climax,Belgium,32.0,1965
137,1965-06-27,Jim Clark,Lotus Climax,France,40.0,1965
138,1965-07-10,Jim Clark,Lotus Climax,Great Britain,80.0,1965
139,1965-07-18,Jim Clark,Lotus Climax,Netherlands,80.0,1965
140,1965-08-01,Jim Clark,Lotus Climax,Germany,15.0,1965
141,1965-09-12,Jackie Stewart,BRM,Italy,76.0,1965
142,1965-10-03,Graham Hill,BRM,United States,110.0,1965
143,1965-10-24,Richie Ginther,Honda,Mexico,65.0,1965
144,1966-05-22,Jackie Stewart,BRM,Monaco,100.0,1966
145,1966-06-12,John Surtees,Ferrari,Belgium,28.0,1966
146,1966-07-03,Jack Brabham,Brabham Repco,France,48.0,1966
147,1966-07-16,Jack Brabham,Brabham Repco,Great Britain,80.0,1966
148,1966-07-24,Jack Brabham,Brabham Repco,Netherlands,90.0,1966
149,1966-08-07,Jack Brabham,Brabham Repco,Germany,15.0,1966
150,1966-09-04,Ludovico Scarfiotti,Ferrari,Italy,68.0,1966
151,1966-10-02,Jim Clark,Lotus BRM,United States,108.0,1966
152,1966-10-23,John Surtees,Cooper Maserati,Mexico,65.0,1966
153,1967-01-02,Pedro Rodriguez,Cooper Maserati,South Africa,80.0,1967
154,1967-05-07,Denny Hulme,Brabham Repco,Monaco,100.0,1967
155,1967-06-04,Jim Clark,Lotus Ford,Netherlands,90.0,1967
156,1967-06-18,Dan Gurney,Eagle Weslake,Belgium,28.0,1967
157,1967-07-02,Jack Brabham,Brabham Repco,France,80.0,1967
158,1967-07-15,Jim Clark,Lotus Ford,Great Britain,80.0,1967
159,1967-08-06,Denny Hulme,Brabham Repco,Germany,15.0,1967
160,1967-08-27,Jack Brabham,Brabham Repco,Canada,90.0,1967
161,1967-09-10,John Surtees,Honda,Italy,68.0,1967
162,1967-10-01,Jim Clark,Lotus Ford,United States,108.0,1967
163,1967-10-22,Jim Clark,Lotus Ford,Mexico,65.0,1967
164,1968-01-01,Jim Clark,Lotus Ford,South Africa,80.0,1968
165,1968-05-12,Graham Hill,Lotus Ford,Spain,90.0,1968
166,1968-05-26,Graham Hill,Lotus Ford,Monaco,80.0,1968
167,1968-06-09,Bruce McLaren,McLaren Ford,Belgium,28.0,1968
168,1968-06-23,Jackie Stewart,Matra Ford,Netherlands,90.0,1968
169,1968-07-07,Jacky Ickx,Ferrari,France,60.0,1968
170,1968-07-20,Jo Siffert,Lotus Ford,Great Britain,80.0,1968
171,1968-08-04,Jackie Stewart,Matra Ford,Germany,14.0,1968
172,1968-09-08,Denny Hulme,McLaren Ford,Italy,68.0,1968
173,1968-09-22,Denny Hulme,McLaren Ford,Canada,90.0,1968
174,1968-10-06,Jackie Stewart,Matra Ford,United States,108.0,1968
175,1968-11-03,Graham Hill,Lotus Ford,Mexico,65.0,1968
176,1969-03-01,Jackie Stewart,Matra Ford,South Africa,80.0,1969
177,1969-05-04,Jackie Stewart,Matra Ford,Spain,90.0,1969
178,1969-05-18,Graham Hill,Lotus Ford,Monaco,80.0,1969
179,1969-06-21,Jackie Stewart,Matra Ford,Netherlands,90.0,1969
180,1969-07-06,Jackie Stewart,Matra Ford,France,38.0,1969
181,1969-07-19,Jackie Stewart,Matra Ford,Great Britain,84.0,1969
182,1969-08-03,Jacky Ickx,Brabham Ford,Germany,14.0,1969
183,1969-09-07,Jackie Stewart,Matra Ford,Italy,68.0,1969
184,1969-09-20,Jacky Ickx,Brabham Ford,Canada,90.0,1969
185,1969-10-05,Jochen Rindt,Lotus Ford,United States,108.0,1969
186,1969-10-19,Denny Hulme,McLaren Ford,Mexico,65.0,1969
187,1970-03-07,Jack Brabham,Brabham Ford,South Africa,80.0,1970
188,1970-04-19,Jackie Stewart,March Ford,Spain,90.0,1970
189,1970-05-10,Jochen Rindt,Lotus Ford,Monaco,80.0,1970
190,1970-06-07,Pedro Rodriguez,BRM,Belgium,28.0,1970
191,1970-06-21,Jochen Rindt,Lotus Ford,Netherlands,80.0,1970
192,1970-07-05,Jochen Rindt,Lotus Ford,France,38.0,1970
193,1970-07-18,Jochen Rindt,Lotus Ford,Great Britain,80.0,1970
194,1970-08-02,Jochen Rindt,Lotus Ford,Germany,50.0,1970
195,1970-08-16,Jacky Ickx,Ferrari,Austria,60.0,1970
196,1970-09-06,Clay Regazzoni,Ferrari,Italy,68.0,1970
197,1970-09-20,Jacky Ickx,Ferrari,Canada,90.0,1970
198,1970-10-04,Emerson Fittipaldi,Lotus Ford,United States,108.0,1970
199,1970-10-25,Jacky Ickx,Ferrari,Mexico,65.0,1970
200,1971-03-06,Mario Andretti,Ferrari,South Africa,79.0,1971
201,1971-04-18,Jackie Stewart,Tyrrell Ford,Spain,75.0,1971
202,1971-05-23,Jackie Stewart,Tyrrell Ford,Monaco,80.0,1971
203,1971-06-20,Jacky Ickx,Ferrari,Netherlands,70.0,1971
204,1971-07-04,Jackie Stewart,Tyrrell Ford,France,55.0,1971
205,1971-07-17,Jackie Stewart,Tyrrell Ford,Great Britain,68.0,1971
206,1971-08-01,Jackie Stewart,Tyrrell Ford,Germany,12.0,1971
207,1971-08-15,Jo Siffert,BRM,Austria,54.0,1971
208,1971-09-05,Peter Gethin,BRM,Italy,55.0,1971
209,1971-09-19,Jackie Stewart,Tyrrell Ford,Canada,64.0,1971
210,1971-10-03,Francois Cevert,Tyrrell Ford,United States,59.0,1971
211,1972-01-23,Jackie Stewart,Tyrrell Ford,Argentina,95.0,1972
212,1972-03-04,Denny Hulme,McLaren Ford,South Africa,79.0,1972
213,1972-05-01,Emerson Fittipaldi,Lotus Ford,Spain,90.0,1972
214,1972-05-14,Jean-Pierre Beltoise,BRM,Monaco,80.0,1972
215,1972-06-04,Emerson Fittipaldi,Lotus Ford,Belgium,85.0,1972
216,1972-07-02,Jackie Stewart,Tyrrell Ford,France,38.0,1972
217,1972-07-15,Emerson Fittipaldi,Lotus Ford,Great Britain,76.0,1972
218,1972-07-30,Jacky Ickx,Ferrari,Germany,14.0,1972
219,1972-08-13,Emerson Fittipaldi,Lotus Ford,Austria,54.0,1972
220,1972-09-10,Emerson Fittipaldi,Lotus Ford,Italy,55.0,1972
221,1972-09-24,Jackie Stewart,Tyrrell Ford,Canada,80.0,1972
222,1972-10-08,Jackie Stewart,Tyrrell Ford,United States,59.0,1972
223,1973-01-28,Emerson Fittipaldi,Lotus Ford,Argentina,96.0,1973
224,1973-02-11,Emerson Fittipaldi,Lotus Ford,Brazil,40.0,1973
225,1973-03-03,Jackie Stewart,Tyrrell Ford,South Africa,79.0,1973
226,1973-04-29,Emerson Fittipaldi,Lotus Ford,Spain,75.0,1973
227,1973-05-20,Jackie Stewart,Tyrrell Ford,Belgium,70.0,1973
228,1973-06-03,Jackie Stewart,Tyrrell Ford,Monaco,78.0,1973
229,1973-06-17,Denny Hulme,McLaren Ford,Sweden,80.0,1973
230,1973-07-01,Ronnie Peterson,Lotus Ford,France,54.0,1973
231,1973-07-14,Peter Revson,McLaren Ford,Great Britain,67.0,1973
232,1973-07-29,Jackie Stewart,Tyrrell Ford,Netherlands,72.0,1973
233,1973-08-05,Jackie Stewart,Tyrrell Ford,Germany,14.0,1973
234,1973-08-19,Ronnie Peterson,Lotus Ford,Austria,54.0,1973
235,1973-09-09,Ronnie Peterson,Lotus Ford,Italy,55.0,1973
236,1973-09-23,Peter Revson,McLaren Ford,Canada,80.0,1973
237,1973-10-07,Ronnie Peterson,Lotus Ford,United States,59.0,1973
238,1974-01-13,Denny Hulme,McLaren Ford,Argentina,53.0,1974
239,1974-01-27,Emerson Fittipaldi,McLaren Ford,Brazil,32.0,1974
240,1974-03-30,Carlos Reutemann,Brabham Ford,South Africa,78.0,1974
241,1974-04-28,Niki Lauda,Ferrari,Spain,84.0,1974
242,1974-05-12,Emerson Fittipaldi,McLaren Ford,Belgium,85.0,1974
243,1974-05-26,Ronnie Peterson,Lotus Ford,Monaco,78.0,1974
244,1974-06-09,Jody Scheckter,Tyrrell Ford,Sweden,80.0,1974
245,1974-06-23,Niki Lauda,Ferrari,Netherlands,75.0,1974
246,1974-07-07,Ronnie Peterson,Lotus Ford,France,80.0,1974
247,1974-07-20,Jody Scheckter,Tyrrell Ford,Great Britain,75.0,1974
248,1974-08-04,Clay Regazzoni,Ferrari,Germany,14.0,1974
249,1974-08-18,Carlos Reutemann,Brabham Ford,Austria,54.0,1974
250,1974-09-08,Ronnie Peterson,Lotus Ford,Italy,52.0,1974
251,1974-09-22,Emerson Fittipaldi,McLaren Ford,Canada,80.0,1974
252,1974-10-06,Carlos Reutemann,Brabham Ford,United States,59.0,1974
253,1975-01-12,Emerson Fittipaldi,McLaren Ford,Argentina,53.0,1975
254,1975-01-26,Carlos Pace,Brabham Ford,Brazil,40.0,1975
255,1975-03-01,Jody Scheckter,Tyrrell Ford,South Africa,78.0,1975
256,1975-04-27,Jochen Mass,McLaren Ford,Spain,29.0,1975
257,1975-05-11,Niki Lauda,Ferrari,Monaco,75.0,1975
258,1975-05-25,Niki Lauda,Ferrari,Belgium,70.0,1975
259,1975-06-08,Niki Lauda,Ferrari,Sweden,80.0,1975
260,1975-06-22,James Hunt,Hesketh Ford,Netherlands,75.0,1975
261,1975-07-06,Niki Lauda,Ferrari,France,54.0,1975
262,1975-07-19,Emerson Fittipaldi,McLaren Ford,Great Britain,56.0,1975
263,1975-08-03,Carlos Reutemann,Brabham Ford,Germany,14.0,1975
264,1975-08-17,Vittorio Brambilla,March Ford,Austria,29.0,1975
265,1975-09-07,Clay Regazzoni,Ferrari,Italy,52.0,1975
266,1975-10-05,Niki Lauda,Ferrari,United States,59.0,1975
267,1976-01-25,Niki Lauda,Ferrari,Brazil,40.0,1976
268,1976-03-06,Niki Lauda,Ferrari,South Africa,78.0,1976
269,1976-03-28,Clay Regazzoni,Ferrari,United States,80.0,1976
270,1976-05-02,James Hunt,McLaren Ford,Spain,75.0,1976
271,1976-05-16,Niki Lauda,Ferrari,Belgium,70.0,1976
272,1976-05-30,Niki Lauda,Ferrari,Monaco,78.0,1976
273,1976-06-13,Jody Scheckter,Tyrrell Ford,Sweden,72.0,1976
274,1976-07-04,James Hunt,McLaren Ford,France,54.0,1976
275,1976-07-18,Niki Lauda,Ferrari,Great Britain,76.0,1976
276,1976-08-01,James Hunt,McLaren Ford,Germany,14.0,1976
277,1976-08-15,John Watson,Penske Ford,Austria,54.0,1976
278,1976-08-29,James Hunt,McLaren Ford,Netherlands,75.0,1976
279,1976-09-12,Ronnie Peterson,March Ford,Italy,52.0,1976
280,1976-10-03,James Hunt,McLaren Ford,Canada,80.0,1976
281,1976-10-10,James Hunt,McLaren Ford,United States,59.0,1976
282,1976-10-24,Mario Andretti,Lotus Ford,Japan,73.0,1976
283,1977-01-09,Jody Scheckter,Wolf Ford,Argentina,53.0,1977
284,1977-01-23,Carlos Reutemann,Ferrari,Brazil,40.0,1977
285,1977-03-05,Niki Lauda,Ferrari,South Africa,78.0,1977
286,1977-04-03,Mario Andretti,Lotus Ford,United States,80.0,1977
287,1977-05-08,Mario Andretti,Lotus Ford,Spain,75.0,1977
288,1977-05-22,Jody Scheckter,Wolf Ford,Monaco,76.0,1977
289,1977-06-05,Gunnar Nilsson,Lotus Ford,Belgium,70.0,1977
290,1977-06-19,Jacques Laffite,Ligier Matra,Sweden,72.0,1977
291,1977-07-03,Mario Andretti,Lotus Ford,France,80.0,1977
292,1977-07-16,James Hunt,McLaren Ford,Great Britain,68.0,1977
293,1977-07-31,Niki Lauda,Ferrari,Germany,47.0,1977
294,1977-08-14,Alan Jones,Shadow Ford,Austria,54.0,1977
295,1977-08-28,Niki Lauda,Ferrari,Netherlands,75.0,1977
296,1977-09-11,Mario Andretti,Lotus Ford,Italy,52.0,1977
297,1977-10-02,James Hunt,McLaren Ford,United States,59.0,1977
298,1977-10-09,Jody Scheckter,Wolf Ford,Canada,80.0,1977
299,1977-10-23,James Hunt,McLaren Ford,Japan,73.0,1977
300,1978-01-15,Mario Andretti,Lotus Ford,Argentina,52.0,1978
301,1978-01-29,Carlos Reutemann,Ferrari,Brazil,63.0,1978
302,1978-03-04,Ronnie Peterson,Lotus Ford,South Africa,78.0,1978
303,1978-04-02,Carlos Reutemann,Ferrari,United States,80.0,1978
304,1978-05-07,Patrick Depailler,Tyrrell Ford,Monaco,75.0,1978
305,1978-05-21,Mario Andretti,Lotus Ford,Belgium,70.0,1978
306,1978-06-04,Mario Andretti,Lotus Ford,Spain,75.0,1978
307,1978-06-17,Niki Lauda,Brabham Alfa Romeo,Sweden,70.0,1978
308,1978-07-02,Mario Andretti,Lotus Ford,France,54.0,1978
309,1978-07-16,Carlos Reutemann,Ferrari,Great Britain,76.0,1978
310,1978-07-30,Mario Andretti,Lotus Ford,Germany,45.0,1978
311,1978-08-13,Ronnie Peterson,Lotus Ford,Austria,54.0,1978
312,1978-08-27,Mario Andretti,Lotus Ford,Netherlands,75.0,1978
313,1978-09-10,Niki Lauda,Brabham Alfa Romeo,Italy,40.0,1978
314,1978-10-01,Carlos Reutemann,Ferrari,United States,59.0,1978
315,1978-10-08,Gilles Villeneuve,Ferrari,Canada,70.0,1978
316,1979-01-21,Jacques Laffite,Ligier Ford,Argentina,53.0,1979
317,1979-02-04,Jacques Laffite,Ligier Ford,Brazil,40.0,1979
318,1979-03-03,Gilles Villeneuve,Ferrari,South Africa,78.0,1979
319,1979-04-08,Gilles Villeneuve,Ferrari,United States,80.0,1979
320,1979-04-29,Patrick Depailler,Ligier Ford,Spain,75.0,1979
321,1979-05-13,Jody Scheckter,Ferrari,Belgium,70.0,1979
322,1979-05-27,Jody Scheckter,Ferrari,Monaco,76.0,1979
323,1979-07-01,Jean-Pierre Jabouille,Renault,France,80.0,1979
324,1979-07-14,Clay Regazzoni,Williams Ford,Great Britain,68.0,1979
325,1979-07-29,Alan Jones,Williams Ford,Germany,45.0,1979
326,1979-08-12,Alan Jones,Williams Ford,Austria,54.0,1979
327,1979-08-26,Alan Jones,Williams Ford,Netherlands,75.0,1979
328,1979-09-09,Jody Scheckter,Ferrari,Italy,50.0,1979
329,1979-09-30,Alan Jones,Williams Ford,Canada,72.0,1979
330,1979-10-07,Gilles Villeneuve,Ferrari,United States,59.0,1979
331,1980-01-13,Alan Jones,Williams Ford,Argentina,53.0,1980
332,1980-01-27,Rene Arnoux,Renault,Brazil,40.0,1980
333,1980-03-01,Rene Arnoux,Renault,South Africa,78.0,1980
334,1980-03-30,Nelson Piquet,Brabham Ford,United States,80.0,1980
335,1980-05-04,Didier Pironi,Ligier Ford,Belgium,72.0,1980
336,1980-05-18,Carlos Reutemann,Williams Ford,Monaco,76.0,1980
337,1980-06-29,Alan Jones,Williams Ford,France,54.0,1980
338,1980-07-13,Alan Jones,Williams Ford,Great Britain,76.0,1980
339,1980-08-10,Jacques Laffite,Ligier Ford,Germany,45.0,1980
340,1980-08-17,Jean-Pierre Jabouille,Renault,Austria,54.0,1980
341,1980-08-31,Nelson Piquet,Brabham Ford,Netherlands,72.0,1980
342,1980-09-14,Nelson Piquet,Brabham Ford,Italy,60.0,1980
343,1980-09-28,Alan Jones,Williams Ford,Canada,70.0,1980
344,1980-10-05,Alan Jones,Williams Ford,United States,59.0,1980
345,1981-03-15,Alan Jones,Williams Ford,United States,80.0,1981
346,1981-03-29,Carlos Reutemann,Williams Ford,Brazil,62.0,1981
347,1981-04-12,Nelson Piquet,Brabham Ford,Argentina,53.0,1981
348,1981-05-03,Nelson Piquet,Brabham Ford,San Marino,60.0,1981
349,1981-05-17,Carlos Reutemann,Williams Ford,Belgium,54.0,1981
350,1981-05-31,Gilles Villeneuve,Ferrari,Monaco,76.0,1981
351,1981-06-21,Gilles Villeneuve,Ferrari,Spain,80.0,1981
352,1981-07-05,Alain Prost,Renault,France,80.0,1981
353,1981-07-18,John Watson,McLaren Ford,Great Britain,68.0,1981
354,1981-08-02,Nelson Piquet,Brabham Ford,Germany,45.0,1981
355,1981-08-16,Jacques Laffite,Ligier Matra,Austria,53.0,1981
356,1981-08-30,Alain Prost,Renault,Netherlands,72.0,1981
357,1981-09-13,Alain Prost,Renault,Italy,52.0,1981
358,1981-09-27,Jacques Laffite,Ligier Matra,Canada,63.0,1981
359,1981-10-17,Alan Jones,Williams Ford,United States,75.0,1981
360,1982-01-23,Alain Prost,Renault,South Africa,77.0,1982
361,1982-03-21,Alain Prost,Renault,Brazil,63.0,1982
362,1982-04-04,Niki Lauda,McLaren Ford,United States,75.0,1982
363,1982-04-25,Didier Pironi,Ferrari,San Marino,60.0,1982
364,1982-05-09,John Watson,McLaren Ford,Belgium,70.0,1982
365,1982-05-23,Riccardo Patrese,Brabham Ford,Monaco,76.0,1982
366,1982-06-06,John Watson,McLaren Ford,United States,62.0,1982
367,1982-06-13,Nelson Piquet,Brabham BMW,Canada,70.0,1982
368,1982-07-03,Didier Pironi,Ferrari,Netherlands,72.0,1982
369,1982-07-18,Niki Lauda,McLaren Ford,Great Britain,76.0,1982
370,1982-07-25,Rene Arnoux,Renault,France,54.0,1982
371,1982-08-08,Patrick Tambay,Ferrari,Germany,45.0,1982
372,1982-08-15,Elio de Angelis,Lotus Ford,Austria,53.0,1982
373,1982-08-29,Keke Rosberg,Williams Ford,Switzerland,80.0,1982
374,1982-09-12,Rene Arnoux,Renault,Italy,52.0,1982
375,1982-09-25,Michele Alboreto,Tyrrell Ford,United States,75.0,1982
376,1983-03-13,Nelson Piquet,Brabham BMW,Brazil,63.0,1983
377,1983-03-27,John Watson,McLaren Ford,United States,75.0,1983
378,1983-04-17,Alain Prost,Renault,France,54.0,1983
379,1983-05-01,Patrick Tambay,Ferrari,San Marino,60.0,1983
380,1983-05-15,Keke Rosberg,Williams Ford,Monaco,76.0,1983
381,1983-05-22,Alain Prost,Renault,Belgium,40.0,1983
382,1983-06-05,Michele Alboreto,Tyrrell Ford,United States,60.0,1983
383,1983-06-12,Rene Arnoux,Ferrari,Canada,70.0,1983
384,1983-07-16,Alain Prost,Renault,Great Britain,67.0,1983
385,1983-08-07,Rene Arnoux,Ferrari,Germany,45.0,1983
386,1983-08-14,Alain Prost,Renault,Austria,53.0,1983
387,1983-08-28,Rene Arnoux,Ferrari,Netherlands,72.0,1983
388,1983-09-11,Nelson Piquet,Brabham BMW,Italy,52.0,1983
389,1983-09-25,Nelson Piquet,Brabham BMW,Great Britain,76.0,1983
390,1983-10-15,Riccardo Patrese,Brabham BMW,South Africa,77.0,1983
391,1984-03-25,Alain Prost,McLaren TAG,Brazil,61.0,1984
392,1984-04-07,Niki Lauda,McLaren TAG,South Africa,75.0,1984
393,1984-04-29,Michele Alboreto,Ferrari,Belgium,70.0,1984
394,1984-05-06,Alain Prost,McLaren TAG,San Marino,60.0,1984
395,1984-05-20,Niki Lauda,McLaren TAG,France,79.0,1984
396,1984-06-03,Alain Prost,McLaren TAG,Monaco,31.0,1984
397,1984-06-17,Nelson Piquet,Brabham BMW,Canada,70.0,1984
398,1984-06-24,Nelson Piquet,Brabham BMW,United States,63.0,1984
399,1984-07-08,Keke Rosberg,Williams Honda,United States,67.0,1984
400,1984-07-22,Niki Lauda,McLaren TAG,Great Britain,71.0,1984
401,1984-08-05,Alain Prost,McLaren TAG,Germany,44.0,1984
402,1984-08-19,Niki Lauda,McLaren TAG,Austria,51.0,1984
403,1984-08-26,Alain Prost,McLaren TAG,Netherlands,71.0,1984
404,1984-09-09,Niki Lauda,McLaren TAG,Italy,51.0,1984
405,1984-10-07,Alain Prost,McLaren TAG,Germany,67.0,1984
406,1984-10-21,Alain Prost,McLaren TAG,Portugal,70.0,1984
407,1985-04-07,Alain Prost,McLaren TAG,Brazil,61.0,1985
408,1985-04-21,Ayrton Senna,Lotus Renault,Portugal,67.0,1985
409,1985-05-05,Elio de Angelis,Lotus Renault,San Marino,60.0,1985
410,1985-05-19,Alain Prost,McLaren TAG,Monaco,78.0,1985
411,1985-06-16,Michele Alboreto,Ferrari,Canada,70.0,1985
412,1985-06-23,Keke Rosberg,Williams Honda,United States,63.0,1985
413,1985-07-07,Nelson Piquet,Brabham BMW,France,53.0,1985
414,1985-07-21,Alain Prost,McLaren TAG,Great Britain,65.0,1985
415,1985-08-04,Michele Alboreto,Ferrari,Germany,67.0,1985
416,1985-08-18,Alain Prost,McLaren TAG,Austria,52.0,1985
417,1985-08-25,Niki Lauda,McLaren TAG,Netherlands,70.0,1985
418,1985-09-08,Alain Prost,McLaren TAG,Italy,51.0,1985
419,1985-09-15,Ayrton Senna,Lotus Renault,Belgium,43.0,1985
420,1985-10-06,Nigel Mansell,Williams Honda,Great Britain,75.0,1985
421,1985-10-19,Nigel Mansell,Williams Honda,South Africa,75.0,1985
422,1985-11-03,Keke Rosberg,Williams Honda,Australia,82.0,1985
423,1986-03-23,Nelson Piquet,Williams Honda,Brazil,61.0,1986
424,1986-04-13,Ayrton Senna,Lotus Renault,Spain,72.0,1986
425,1986-04-27,Alain Prost,McLaren TAG,San Marino,60.0,1986
426,1986-05-11,Alain Prost,McLaren TAG,Monaco,78.0,1986
427,1986-05-25,Nigel Mansell,Williams Honda,Belgium,43.0,1986
428,1986-06-15,Nigel Mansell,Williams Honda,Canada,69.0,1986
429,1986-06-22,Ayrton Senna,Lotus Renault,United States,63.0,1986
430,1986-07-06,Nigel Mansell,Williams Honda,France,80.0,1986
431,1986-07-13,Nigel Mansell,Williams Honda,Great Britain,75.0,1986
432,1986-07-27,Nelson Piquet,Williams Honda,Germany,44.0,1986
433,1986-08-10,Nelson Piquet,Williams Honda,Hungary,76.0,1986
434,1986-08-17,Alain Prost,McLaren TAG,Austria,52.0,1986
435,1986-09-07,Nelson Piquet,Williams Honda,Italy,51.0,1986
436,1986-09-21,Nigel Mansell,Williams Honda,Portugal,70.0,1986
437,1986-10-12,Gerhard Berger,Benetton BMW,Mexico,68.0,1986
438,1986-10-26,Alain Prost,McLaren TAG,Australia,82.0,1986
439,1987-04-12,Alain Prost,McLaren TAG,Brazil,61.0,1987
440,1987-05-03,Nigel Mansell,Williams Honda,San Marino,59.0,1987
441,1987-05-17,Alain Prost,McLaren TAG,Belgium,43.0,1987
442,1987-05-31,Ayrton Senna,Lotus Honda,Monaco,78.0,1987
443,1987-06-21,Ayrton Senna,Lotus Honda,United States,63.0,1987
444,1987-07-05,Nigel Mansell,Williams Honda,France,80.0,1987
445,1987-07-12,Nigel Mansell,Williams Honda,Great Britain,65.0,1987
446,1987-07-26,Nelson Piquet,Williams Honda,Germany,44.0,1987
447,1987-08-09,Nelson Piquet,Williams Honda,Hungary,76.0,1987
448,1987-08-16,Nigel Mansell,Williams Honda,Austria,52.0,1987
449,1987-09-06,Nelson Piquet,Williams Honda,Italy,50.0,1987
450,1987-09-20,Alain Prost,McLaren TAG,Portugal,70.0,1987
451,1987-09-27,Nigel Mansell,Williams Honda,Spain,72.0,1987
452,1987-10-18,Nigel Mansell,Williams Honda,Mexico,63.0,1987
453,1987-11-01,Gerhard Berger,Ferrari,Japan,51.0,1987
454,1987-11-15,Gerhard Berger,Ferrari,Australia,82.0,1987
455,1988-04-03,Alain Prost,McLaren Honda,Brazil,60.0,1988
456,1988-05-01,Ayrton Senna,McLaren Honda,San Marino,60.0,1988
457,1988-05-15,Alain Prost,McLaren Honda,Monaco,78.0,1988
458,1988-05-29,Alain Prost,McLaren Honda,Mexico,67.0,1988
459,1988-06-12,Ayrton Senna,McLaren Honda,Canada,69.0,1988
460,1988-06-19,Ayrton Senna,McLaren Honda,United States,63.0,1988
461,1988-07-03,Alain Prost,McLaren Honda,France,80.0,1988
462,1988-07-10,Ayrton Senna,McLaren Honda,Great Britain,65.0,1988
463,1988-07-24,Ayrton Senna,McLaren Honda,Germany,44.0,1988
464,1988-08-07,Ayrton Senna,McLaren Honda,Hungary,76.0,1988
465,1988-08-28,Ayrton Senna,McLaren Honda,Belgium,43.0,1988
466,1988-09-11,Gerhard Berger,Ferrari,Italy,51.0,1988
467,1988-09-25,Alain Prost,McLaren Honda,Portugal,70.0,1988
468,1988-10-02,Alain Prost,McLaren Honda,Spain,72.0,1988
469,1988-10-30,Ayrton Senna,McLaren Honda,Japan,51.0,1988
470,1988-11-13,Alain Prost,McLaren Honda,Australia,82.0,1988
471,1989-03-26,Nigel Mansell,Ferrari,Brazil,61.0,1989
472,1989-04-23,Ayrton Senna,McLaren Honda,San Marino,58.0,1989
473,1989-05-07,Ayrton Senna,McLaren Honda,Monaco,77.0,1989
474,1989-05-28,Ayrton Senna,McLaren Honda,Mexico,69.0,1989
475,1989-06-04,Alain Prost,McLaren Honda,United States,75.0,1989
476,1989-06-18,Thierry Boutsen,Williams Renault,Canada,69.0,1989
477,1989-07-09,Alain Prost,McLaren Honda,France,80.0,1989
478,1989-07-16,Alain Prost,McLaren Honda,Great Britain,64.0,1989
479,1989-07-30,Ayrton Senna,McLaren Honda,Germany,45.0,1989
480,1989-08-13,Nigel Mansell,Ferrari,Hungary,77.0,1989
481,1989-08-27,Ayrton Senna,McLaren Honda,Belgium,44.0,1989
482,1989-09-10,Alain Prost,McLaren Honda,Italy,53.0,1989
483,1989-09-24,Gerhard Berger,Ferrari,Portugal,71.0,1989
484,1989-10-01,Ayrton Senna,McLaren Honda,Spain,72.0,1989
485,1989-10-22,Alessandro Nannini,Benetton Ford,Japan,53.0,1989
486,1989-11-05,Thierry Boutsen,Williams Renault,Australia,70.0,1989
487,1990-03-11,Ayrton Senna,McLaren Honda,United States,72.0,1990
488,1990-03-25,Alain Prost,Ferrari,Brazil,71.0,1990
489,1990-05-13,Riccardo Patrese,Williams Renault,San Marino,61.0,1990
490,1990-05-27,Ayrton Senna,McLaren Honda,Monaco,78.0,1990
491,1990-06-10,Ayrton Senna,McLaren Honda,Canada,70.0,1990
492,1990-06-24,Alain Prost,Ferrari,Mexico,69.0,1990
493,1990-07-08,Alain Prost,Ferrari,France,80.0,1990
494,1990-07-15,Alain Prost,Ferrari,Great Britain,64.0,1990
495,1990-07-29,Ayrton Senna,McLaren Honda,Germany,45.0,1990
496,1990-08-12,Thierry Boutsen,Williams Renault,Hungary,77.0,1990
497,1990-08-26,Ayrton Senna,McLaren Honda,Belgium,44.0,1990
498,1990-09-09,Ayrton Senna,McLaren Honda,Italy,53.0,1990
499,1990-09-23,Nigel Mansell,Ferrari,Portugal,61.0,1990
500,1990-09-30,Alain Prost,Ferrari,Spain,73.0,1990
501,1990-10-21,Nelson Piquet,Benetton Ford,Japan,53.0,1990
502,1990-11-04,Nelson Piquet,Benetton Ford,Australia,81.0,1990
503,1991-03-10,Ayrton Senna,McLaren Honda,United States,81.0,1991
504,1991-03-24,Ayrton Senna,McLaren Honda,Brazil,71.0,1991
505,1991-04-28,Ayrton Senna,McLaren Honda,San Marino,61.0,1991
506,1991-05-12,Ayrton Senna,McLaren Honda,Monaco,78.0,1991
507,1991-06-02,Nelson Piquet,Benetton Ford,Canada,69.0,1991
508,1991-06-16,Riccardo Patrese,Williams Renault,Mexico,67.0,1991
509,1991-07-07,Nigel Mansell,Williams Renault,France,72.0,1991
510,1991-07-14,Nigel Mansell,Williams Renault,Great Britain,59.0,1991
511,1991-07-28,Nigel Mansell,Williams Renault,Germany,45.0,1991
512,1991-08-11,Ayrton Senna,McLaren Honda,Hungary,77.0,1991
513,1991-08-25,Ayrton Senna,McLaren Honda,Belgium,44.0,1991
514,1991-09-08,Nigel Mansell,Williams Renault,Italy,53.0,1991
515,1991-09-22,Riccardo Patrese,Williams Renault,Portugal,71.0,1991
516,1991-09-29,Nigel Mansell,Williams Renault,Spain,65.0,1991
517,1991-10-20,Gerhard Berger,McLaren Honda,Japan,53.0,1991
518,1991-11-03,Ayrton Senna,McLaren Honda,Australia,14.0,1991
519,1992-03-01,Nigel Mansell,Williams Renault,South Africa,72.0,1992
520,1992-03-22,Nigel Mansell,Williams Renault,Mexico,69.0,1992
521,1992-04-05,Nigel Mansell,Williams Renault,Brazil,71.0,1992
522,1992-05-03,Nigel Mansell,Williams Renault,Spain,65.0,1992
523,1992-05-17,Nigel Mansell,Williams Renault,San Marino,60.0,1992
524,1992-05-31,Ayrton Senna,McLaren Honda,Monaco,78.0,1992
525,1992-06-14,Gerhard Berger,McLaren Honda,Canada,69.0,1992
526,1992-07-05,Nigel Mansell,Williams Renault,France,69.0,1992
527,1992-07-12,Nigel Mansell,Williams Renault,Great Britain,59.0,1992
528,1992-07-26,Nigel Mansell,Williams Renault,Germany,45.0,1992
529,1992-08-16,Ayrton Senna,McLaren Honda,Hungary,77.0,1992
530,1992-08-30,Michael Schumacher,Benetton Ford,Belgium,44.0,1992
531,1992-09-13,Ayrton Senna,McLaren Honda,Italy,53.0,1992
532,1992-09-27,Nigel Mansell,Williams Renault,Portugal,71.0,1992
533,1992-10-25,Riccardo Patrese,Williams Renault,Japan,53.0,1992
534,1992-11-08,Gerhard Berger,McLaren Honda,Australia,82.0,1992
535,1993-03-14,Alain Prost,Williams Renault,South Africa,72.0,1993
536,1993-03-28,Ayrton Senna,McLaren Ford,Brazil,71.0,1993
537,1993-04-11,Ayrton Senna,McLaren Ford,Great Britain,76.0,1993
538,1993-04-25,Alain Prost,Williams Renault,San Marino,61.0,1993
539,1993-05-09,Alain Prost,Williams Renault,Spain,65.0,1993
540,1993-05-23,Ayrton Senna,McLaren Ford,Monaco,78.0,1993
541,1993-06-13,Alain Prost,Williams Renault,Canada,69.0,1993
542,1993-07-04,Alain Prost,Williams Renault,France,72.0,1993
543,1993-07-11,Alain Prost,Williams Renault,Great Britain,59.0,1993
544,1993-07-25,Alain Prost,Williams Renault,Germany,45.0,1993
545,1993-08-15,Damon Hill,Williams Renault,Hungary,77.0,1993
546,1993-08-29,Damon Hill,Williams Renault,Belgium,44.0,1993
547,1993-09-12,Damon Hill,Williams Renault,Italy,53.0,1993
548,1993-09-26,Michael Schumacher,Benetton Ford,Portugal,71.0,1993
549,1993-10-24,Ayrton Senna,McLaren Ford,Japan,53.0,1993
550,1993-11-07,Ayrton Senna,McLaren Ford,Australia,79.0,1993
551,1994-03-27,Michael Schumacher,Benetton Ford,Brazil,71.0,1994
552,1994-04-17,Michael Schumacher,Benetton Ford,Japan,83.0,1994
553,1994-05-01,Michael Schumacher,Benetton Ford,San Marino,58.0,1994
554,1994-05-15,Michael Schumacher,Benetton Ford,Monaco,78.0,1994
555,1994-05-29,Damon Hill,Williams Renault,Spain,65.0,1994
556,1994-06-12,Michael Schumacher,Benetton Ford,Canada,69.0,1994
557,1994-07-03,Michael Schumacher,Benetton Ford,France,72.0,1994
558,1994-07-10,Damon Hill,Williams Renault,Great Britain,60.0,1994
559,1994-07-31,Gerhard Berger,Ferrari,Germany,45.0,1994
560,1994-08-14,Michael Schumacher,Benetton Ford,Hungary,77.0,1994
561,1994-08-28,Damon Hill,Williams Renault,Belgium,44.0,1994
562,1994-09-11,Damon Hill,Williams Renault,Italy,53.0,1994
563,1994-09-25,Damon Hill,Williams Renault,Portugal,71.0,1994
564,1994-10-16,Michael Schumacher,Benetton Ford,Spain,69.0,1994
565,1994-11-06,Damon Hill,Williams Renault,Japan,50.0,1994
566,1994-11-13,Nigel Mansell,Williams Renault,Australia,81.0,1994
567,1995-03-26,Michael Schumacher,Benetton Renault,Brazil,71.0,1995
568,1995-04-09,Damon Hill,Williams Renault,Argentina,71.0,1995
569,1995-04-30,Damon Hill,Williams Renault,San Marino,63.0,1995
570,1995-05-14,Michael Schumacher,Benetton Renault,Spain,65.0,1995
571,1995-05-28,Michael Schumacher,Benetton Renault,Monaco,78.0,1995
572,1995-06-11,Jean Alesi,Ferrari,Canada,69.0,1995
573,1995-07-02,Michael Schumacher,Benetton Renault,France,72.0,1995
574,1995-07-16,Johnny Herbert,Benetton Renault,Great Britain,61.0,1995
575,1995-07-30,Michael Schumacher,Benetton Renault,Germany,45.0,1995
576,1995-08-13,Damon Hill,Williams Renault,Hungary,77.0,1995
577,1995-08-27,Michael Schumacher,Benetton Renault,Belgium,44.0,1995
578,1995-09-10,Johnny Herbert,Benetton Renault,Italy,53.0,1995
579,1995-09-24,David Coulthard,Williams Renault,Portugal,71.0,1995
580,1995-10-01,Michael Schumacher,Benetton Renault,Germany,67.0,1995
581,1995-10-22,Michael Schumacher,Benetton Renault,Japan,83.0,1995
582,1995-10-29,Michael Schumacher,Benetton Renault,Japan,53.0,1995
583,1995-11-12,Damon Hill,Williams Renault,Australia,81.0,1995
584,1996-03-10,Damon Hill,Williams Renault,Australia,58.0,1996
585,1996-03-31,Damon Hill,Williams Renault,Brazil,71.0,1996
586,1996-04-07,Damon Hill,Williams Renault,Argentina,72.0,1996
587,1996-04-28,Jacques Villeneuve,Williams Renault,Germany,67.0,1996
588,1996-05-05,Damon Hill,Williams Renault,San Marino,63.0,1996
589,1996-05-19,Olivier Panis,Ligier Mugen Honda,Monaco,75.0,1996
590,1996-06-02,Michael Schumacher,Ferrari,Spain,65.0,1996
591,1996-06-16,Damon Hill,Williams Renault,Canada,69.0,1996
592,1996-06-30,Damon Hill,Williams Renault,France,72.0,1996
593,1996-07-14,Jacques Villeneuve,Williams Renault,Great Britain,61.0,1996
594,1996-07-28,Damon Hill,Williams Renault,Germany,45.0,1996
595,1996-08-11,Jacques Villeneuve,Williams Renault,Hungary,77.0,1996
596,1996-08-25,Michael Schumacher,Ferrari,Belgium,44.0,1996
597,1996-09-08,Michael Schumacher,Ferrari,Italy,53.0,1996
598,1996-09-22,Jacques Villeneuve,Williams Renault,Portugal,70.0,1996
599,1996-10-13,Damon Hill,Williams Renault,Japan,52.0,1996
600,1997-03-09,David Coulthard,McLaren Mercedes,Australia,58.0,1997
601,1997-03-30,Jacques Villeneuve,Williams Renault,Brazil,72.0,1997
602,1997-04-13,Jacques Villeneuve,Williams Renault,Argentina,72.0,1997
603,1997-04-27,Heinz-Harald Frentzen,Williams Renault,San Marino,62.0,1997
604,1997-05-11,Michael Schumacher,Ferrari,Monaco,62.0,1997
605,1997-05-25,Jacques Villeneuve,Williams Renault,Spain,64.0,1997
606,1997-06-15,Michael Schumacher,Ferrari,Canada,54.0,1997
607,1997-06-29,Michael Schumacher,Ferrari,France,72.0,1997
608,1997-07-13,Jacques Villeneuve,Williams Renault,Great Britain,59.0,1997
609,1997-07-27,Gerhard Berger,Benetton Renault,Germany,45.0,1997
610,1997-08-10,Jacques Villeneuve,Williams Renault,Hungary,77.0,1997
611,1997-08-24,Michael Schumacher,Ferrari,Belgium,44.0,1997
612,1997-09-07,David Coulthard,McLaren Mercedes,Italy,53.0,1997
613,1997-09-21,Jacques Villeneuve,Williams Renault,Austria,71.0,1997
614,1997-09-28,Jacques Villeneuve,Williams Renault,Germany,67.0,1997
615,1997-10-12,Michael Schumacher,Ferrari,Japan,53.0,1997
616,1997-10-26,Mika Hakkinen,McLaren Mercedes,Spain,69.0,1997
617,1998-03-08,Mika Hakkinen,McLaren Mercedes,Australia,58.0,1998
618,1998-03-29,Mika Hakkinen,McLaren Mercedes,Brazil,72.0,1998
619,1998-04-12,Michael Schumacher,Ferrari,Argentina,72.0,1998
620,1998-04-26,David Coulthard,McLaren Mercedes,San Marino,62.0,1998
621,1998-05-10,Mika Hakkinen,McLaren Mercedes,Spain,65.0,1998
622,1998-05-24,Mika Hakkinen,McLaren Mercedes,Monaco,78.0,1998
623,1998-06-07,Michael Schumacher,Ferrari,Canada,69.0,1998
624,1998-06-28,Michael Schumacher,Ferrari,France,71.0,1998
625,1998-07-12,Michael Schumacher,Ferrari,Great Britain,60.0,1998
626,1998-07-26,Mika Hakkinen,McLaren Mercedes,Austria,71.0,1998
627,1998-08-02,Mika Hakkinen,McLaren Mercedes,Germany,45.0,1998
628,1998-08-16,Michael Schumacher,Ferrari,Hungary,77.0,1998
629,1998-08-30,Damon Hill,Jordan Mugen Honda,Belgium,44.0,1998
630,1998-09-13,Michael Schumacher,Ferrari,Italy,53.0,1998
631,1998-09-27,Mika Hakkinen,McLaren Mercedes,Germany,67.0,1998
632,1998-11-01,Mika Hakkinen,McLaren Mercedes,Japan,51.0,1998
633,1999-03-07,Eddie Irvine,Ferrari,Australia,57.0,1999
634,1999-04-11,Mika Hakkinen,McLaren Mercedes,Brazil,72.0,1999
635,1999-05-02,Michael Schumacher,Ferrari,San Marino,62.0,1999
636,1999-05-16,Michael Schumacher,Ferrari,Monaco,78.0,1999
637,1999-05-30,Mika Hakkinen,McLaren Mercedes,Spain,65.0,1999
638,1999-06-13,Mika Hakkinen,McLaren Mercedes,Canada,69.0,1999
639,1999-06-27,Heinz-Harald Frentzen,Jordan Mugen Honda,France,72.0,1999
640,1999-07-11,David Coulthard,McLaren Mercedes,Great Britain,60.0,1999
641,1999-07-25,Eddie Irvine,Ferrari,Austria,71.0,1999
642,1999-08-01,Eddie Irvine,Ferrari,Germany,45.0,1999
643,1999-08-15,Mika Hakkinen,McLaren Mercedes,Hungary,77.0,1999
644,1999-08-29,David Coulthard,McLaren Mercedes,Belgium,44.0,1999
645,1999-09-12,Heinz-Harald Frentzen,Jordan Mugen Honda,Italy,53.0,1999
646,1999-09-26,Johnny Herbert,Stewart Ford,Germany,66.0,1999
647,1999-10-17,Eddie Irvine,Ferrari,Malaysia,56.0,1999
648,1999-10-31,Mika Hakkinen,McLaren Mercedes,Japan,53.0,1999
649,2000-03-12,Michael Schumacher,Ferrari,Australia,58.0,2000
650,2000-03-26,Michael Schumacher,Ferrari,Brazil,71.0,2000
651,2000-04-09,Michael Schumacher,Ferrari,San Marino,62.0,2000
652,2000-04-23,David Coulthard,McLaren Mercedes,Great Britain,60.0,2000
653,2000-05-07,Mika Hakkinen,McLaren Mercedes,Spain,65.0,2000
654,2000-05-21,Michael Schumacher,Ferrari,Germany,67.0,2000
655,2000-06-04,David Coulthard,McLaren Mercedes,Monaco,78.0,2000
656,2000-06-18,Michael Schumacher,Ferrari,Canada,69.0,2000
657,2000-07-02,David Coulthard,McLaren Mercedes,France,72.0,2000
658,2000-07-16,Mika Hakkinen,McLaren Mercedes,Austria,71.0,2000
659,2000-07-30,Rubens Barrichello,Ferrari,Germany,45.0,2000
660,2000-08-13,Mika Hakkinen,McLaren Mercedes,Hungary,77.0,2000
661,2000-08-27,Mika Hakkinen,McLaren Mercedes,Belgium,44.0,2000
662,2000-09-10,Michael Schumacher,Ferrari,Italy,53.0,2000
663,2000-09-24,Michael Schumacher,Ferrari,United States,73.0,2000
664,2000-10-08,Michael Schumacher,Ferrari,Japan,53.0,2000
665,2000-10-22,Michael Schumacher,Ferrari,Malaysia,56.0,2000
666,2001-03-04,Michael Schumacher,Ferrari,Australia,58.0,2001
667,2001-03-18,Michael Schumacher,Ferrari,Malaysia,55.0,2001
668,2001-04-01,David Coulthard,McLaren Mercedes,Brazil,71.0,2001
669,2001-04-15,Ralf Schumacher,Williams BMW,San Marino,62.0,2001
670,2001-04-29,Michael Schumacher,Ferrari,Spain,65.0,2001
671,2001-05-13,David Coulthard,McLaren Mercedes,Austria,71.0,2001
672,2001-05-27,Michael Schumacher,Ferrari,Monaco,78.0,2001
673,2001-06-10,Ralf Schumacher,Williams BMW,Canada,69.0,2001
674,2001-06-24,Michael Schumacher,Ferrari,Germany,67.0,2001
675,2001-07-01,Michael Schumacher,Ferrari,France,72.0,2001
676,2001-07-15,Mika Hakkinen,McLaren Mercedes,Great Britain,60.0,2001
677,2001-07-29,Ralf Schumacher,Williams BMW,Germany,45.0,2001
678,2001-08-19,Michael Schumacher,Ferrari,Hungary,77.0,2001
679,2001-09-02,Michael Schumacher,Ferrari,Belgium,36.0,2001
680,2001-09-16,Juan Pablo Montoya,Williams BMW,Italy,53.0,2001
681,2001-09-30,Mika Hakkinen,McLaren Mercedes,United States,73.0,2001
682,2001-10-14,Michael Schumacher,Ferrari,Japan,53.0,2001
683,2002-03-03,Michael Schumacher,Ferrari,Australia,58.0,2002
684,2002-03-17,Ralf Schumacher,Williams BMW,Malaysia,56.0,2002
685,2002-03-31,Michael Schumacher,Ferrari,Brazil,71.0,2002
686,2002-04-14,Michael Schumacher,Ferrari,San Marino,62.0,2002
687,2002-04-28,Michael Schumacher,Ferrari,Spain,65.0,2002
688,2002-05-12,Michael Schumacher,Ferrari,Austria,71.0,2002
689,2002-05-26,David Coulthard,McLaren Mercedes,Monaco,78.0,2002
690,2002-06-09,Michael Schumacher,Ferrari,Canada,70.0,2002
691,2002-06-23,Rubens Barrichello,Ferrari,Germany,60.0,2002
692,2002-07-07,Michael Schumacher,Ferrari,Great Britain,60.0,2002
693,2002-07-21,Michael Schumacher,Ferrari,France,72.0,2002
694,2002-07-28,Michael Schumacher,Ferrari,Germany,67.0,2002
695,2002-08-18,Rubens Barrichello,Ferrari,Hungary,77.0,2002
696,2002-09-01,Michael Schumacher,Ferrari,Belgium,44.0,2002
697,2002-09-15,Rubens Barrichello,Ferrari,Italy,53.0,2002
698,2002-09-29,Rubens Barrichello,Ferrari,United States,73.0,2002
699,2002-10-13,Michael Schumacher,Ferrari,Japan,53.0,2002
700,2003-03-09,David Coulthard,McLaren Mercedes,Australia,58.0,2003
701,2003-03-23,Kimi Raikkonen,McLaren Mercedes,Malaysia,56.0,2003
702,2003-04-06,Giancarlo Fisichella,Jordan Ford,Brazil,54.0,2003
703,2003-04-20,Michael Schumacher,Ferrari,San Marino,62.0,2003
704,2003-05-04,Michael Schumacher,Ferrari,Spain,65.0,2003
705,2003-05-18,Michael Schumacher,Ferrari,Austria,69.0,2003
706,2003-06-01,Juan Pablo Montoya,Williams BMW,Monaco,78.0,2003
707,2003-06-15,Michael Schumacher,Ferrari,Canada,70.0,2003
708,2003-06-29,Ralf Schumacher,Williams BMW,Germany,60.0,2003
709,2003-07-06,Ralf Schumacher,Williams BMW,France,70.0,2003
710,2003-07-20,Rubens Barrichello,Ferrari,Great Britain,60.0,2003
711,2003-08-03,Juan Pablo Montoya,Williams BMW,Germany,67.0,2003
712,2003-08-24,Fernando Alonso,Renault,Hungary,70.0,2003
713,2003-09-14,Michael Schumacher,Ferrari,Italy,53.0,2003
714,2003-09-28,Michael Schumacher,Ferrari,United States,73.0,2003
715,2003-10-12,Rubens Barrichello,Ferrari,Japan,53.0,2003
716,2004-03-07,Michael Schumacher,Ferrari,Australia,58.0,2004
717,2004-03-21,Michael Schumacher,Ferrari,Malaysia,56.0,2004
718,2004-04-04,Michael Schumacher,Ferrari,Sakhir,57.0,2004
719,2004-04-25,Michael Schumacher,Ferrari,San Marino,62.0,2004
720,2004-05-09,Michael Schumacher,Ferrari,Spain,66.0,2004
721,2004-05-23,Jarno Trulli,Renault,Monaco,77.0,2004
722,2004-05-30,Michael Schumacher,Ferrari,Germany,60.0,2004
723,2004-06-13,Michael Schumacher,Ferrari,Canada,70.0,2004
724,2004-06-20,Michael Schumacher,Ferrari,United States,73.0,2004
725,2004-07-04,Michael Schumacher,Ferrari,France,70.0,2004
726,2004-07-11,Michael Schumacher,Ferrari,Great Britain,60.0,2004
727,2004-07-25,Michael Schumacher,Ferrari,Germany,66.0,2004
728,2004-08-15,Michael Schumacher,Ferrari,Hungary,70.0,2004
729,2004-08-29,Kimi Raikkonen,McLaren Mercedes,Belgium,44.0,2004
730,2004-09-12,Rubens Barrichello,Ferrari,Italy,53.0,2004
731,2004-09-26,Rubens Barrichello,Ferrari,China,56.0,2004
732,2004-10-10,Michael Schumacher,Ferrari,Japan,53.0,2004
733,2004-10-24,Juan Pablo Montoya,Williams BMW,Brazil,71.0,2004
734,2005-03-06,Giancarlo Fisichella,Renault,Australia,57.0,2005
735,2005-03-20,Fernando Alonso,Renault,Malaysia,56.0,2005
736,2005-04-03,Fernando Alonso,Renault,Sakhir,57.0,2005
737,2005-04-24,Fernando Alonso,Renault,San Marino,62.0,2005
738,2005-05-08,Kimi Raikkonen,McLaren Mercedes,Spain,66.0,2005
739,2005-05-22,Kimi Raikkonen,McLaren Mercedes,Monaco,78.0,2005
740,2005-05-29,Fernando Alonso,Renault,Germany,59.0,2005
741,2005-06-12,Kimi Raikkonen,McLaren Mercedes,Canada,70.0,2005
742,2005-06-19,Michael Schumacher,Ferrari,United States,73.0,2005
743,2005-07-03,Fernando Alonso,Renault,France,70.0,2005
744,2005-07-10,Juan Pablo Montoya,McLaren Mercedes,Great Britain,60.0,2005
745,2005-07-24,Fernando Alonso,Renault,Germany,67.0,2005
746,2005-07-31,Kimi Raikkonen,McLaren Mercedes,Hungary,70.0,2005
747,2005-08-21,Kimi Raikkonen,McLaren Mercedes,Turkiye,58.0,2005
748,2005-09-04,Juan Pablo Montoya,McLaren Mercedes,Italy,53.0,2005
749,2005-09-11,Kimi Raikkonen,McLaren Mercedes,Belgium,44.0,2005
750,2005-09-25,Juan Pablo Montoya,McLaren Mercedes,Brazil,71.0,2005
751,2005-10-09,Kimi Raikkonen,McLaren Mercedes,Japan,53.0,2005
752,2005-10-16,Fernando Alonso,Renault,China,56.0,2005
753,2006-03-12,Fernando Alonso,Renault,Sakhir,57.0,2006
754,2006-03-19,Giancarlo Fisichella,Renault,Malaysia,56.0,2006
755,2006-04-02,Fernando Alonso,Renault,Australia,57.0,2006
756,2006-04-23,Michael Schumacher,Ferrari,San Marino,62.0,2006
757,2006-05-07,Michael Schumacher,Ferrari,Germany,60.0,2006
758,2006-05-14,Fernando Alonso,Renault,Spain,66.0,2006
759,2006-05-28,Fernando Alonso,Renault,Monaco,78.0,2006
760,2006-06-11,Fernando Alonso,Renault,Great Britain,60.0,2006
761,2006-06-25,Fernando Alonso,Renault,Canada,70.0,2006
762,2006-07-02,Michael Schumacher,Ferrari,United States,73.0,2006
763,2006-07-16,Michael Schumacher,Ferrari,France,70.0,2006
764,2006-07-30,Michael Schumacher,Ferrari,Germany,67.0,2006
765,2006-08-06,Jenson Button,Honda,Hungary,70.0,2006
766,2006-08-27,Felipe Massa,Ferrari,Turkiye,58.0,2006
767,2006-09-10,Michael Schumacher,Ferrari,Italy,53.0,2006
768,2006-10-01,Michael Schumacher,Ferrari,China,56.0,2006
769,2006-10-08,Fernando Alonso,Renault,Japan,53.0,2006
770,2006-10-22,Felipe Massa,Ferrari,Brazil,71.0,2006
771,2007-03-18,Kimi Raikkonen,Ferrari,Australia,58.0,2007
772,2007-04-08,Fernando Alonso,McLaren Mercedes,Malaysia,56.0,2007
773,2007-04-15,Felipe Massa,Ferrari,Sakhir,57.0,2007
774,2007-05-13,Felipe Massa,Ferrari,Spain,65.0,2007
775,2007-05-27,Fernando Alonso,McLaren Mercedes,Monaco,78.0,2007
776,2007-06-10,Lewis Hamilton,McLaren Mercedes,Canada,70.0,2007
777,2007-06-17,Lewis Hamilton,McLaren Mercedes,United States,73.0,2007
778,2007-07-01,Kimi Raikkonen,Ferrari,France,70.0,2007
779,2007-07-08,Kimi Raikkonen,Ferrari,Great Britain,59.0,2007
780,2007-07-22,Fernando Alonso,McLaren Mercedes,Germany,60.0,2007
781,2007-08-05,Lewis Hamilton,McLaren Mercedes,Hungary,70.0,2007
782,2007-08-26,Felipe Massa,Ferrari,Turkiye,58.0,2007
783,2007-09-09,Fernando Alonso,McLaren Mercedes,Italy,53.0,2007
784,2007-09-16,Kimi Raikkonen,Ferrari,Belgium,44.0,2007
785,2007-09-30,Lewis Hamilton,McLaren Mercedes,Japan,67.0,2007
786,2007-10-07,Kimi Raikkonen,Ferrari,China,56.0,2007
787,2007-10-21,Kimi Raikkonen,Ferrari,Brazil,71.0,2007
788,2008-03-16,Lewis Hamilton,McLaren Mercedes,Australia,58.0,2008
789,2008-03-23,Kimi Raikkonen,Ferrari,Malaysia,56.0,2008
790,2008-04-06,Felipe Massa,Ferrari,Sakhir,57.0,2008
791,2008-04-27,Kimi Raikkonen,Ferrari,Spain,66.0,2008
792,2008-05-11,Felipe Massa,Ferrari,Turkiye,58.0,2008
793,2008-05-25,Lewis Hamilton,McLaren Mercedes,Monaco,76.0,2008
794,2008-06-08,Robert Kubica,Sauber BMW,Canada,70.0,2008
795,2008-06-22,Felipe Massa,Ferrari,France,70.0,2008
796,2008-07-06,Lewis Hamilton,McLaren Mercedes,Great Britain,60.0,2008
797,2008-07-20,Lewis Hamilton,McLaren Mercedes,Germany,67.0,2008
798,2008-08-03,Heikki Kovalainen,McLaren Mercedes,Hungary,70.0,2008
799,2008-08-24,Felipe Massa,Ferrari,Spain,57.0,2008
800,2008-09-07,Felipe Massa,Ferrari,Belgium,44.0,2008
801,2008-09-14,Sebastian Vettel,STR Ferrari,Italy,53.0,2008
802,2008-09-28,Fernando Alonso,Renault,Singapore,61.0,2008
803,2008-10-12,Fernando Alonso,Renault,Japan,67.0,2008
804,2008-10-19,Lewis Hamilton,McLaren Mercedes,China,56.0,2008
805,2008-11-02,Felipe Massa,Ferrari,Brazil,71.0,2008
806,2009-03-29,Jenson Button,Brawn Mercedes,Australia,58.0,2009
807,2009-04-05,Jenson Button,Brawn Mercedes,Malaysia,31.0,2009
808,2009-04-19,Sebastian Vettel,RBR Renault,China,56.0,2009
809,2009-04-26,Jenson Button,Brawn Mercedes,Sakhir,57.0,2009
810,2009-05-10,Jenson Button,Brawn Mercedes,Spain,66.0,2009
811,2009-05-24,Jenson Button,Brawn Mercedes,Monaco,78.0,2009
812,2009-06-07,Jenson Button,Brawn Mercedes,Turkiye,58.0,2009
813,2009-06-21,Sebastian Vettel,RBR Renault,Great Britain,60.0,2009
814,2009-07-12,Mark Webber,RBR Renault,Germany,60.0,2009
815,2009-07-26,Lewis Hamilton,McLaren Mercedes,Hungary,70.0,2009
816,2009-08-23,Rubens Barrichello,Brawn Mercedes,Spain,57.0,2009
817,2009-08-30,Kimi Raikkonen,Ferrari,Belgium,44.0,2009
818,2009-09-13,Rubens Barrichello,Brawn Mercedes,Italy,53.0,2009
819,2009-09-27,Lewis Hamilton,McLaren Mercedes,Singapore,61.0,2009
820,2009-10-04,Sebastian Vettel,RBR Renault,Japan,53.0,2009
821,2009-10-18,Mark Webber,RBR Renault,Brazil,71.0,2009
822,2009-11-01,Sebastian Vettel,RBR Renault,Abu Dhabi,55.0,2009
823,2010-03-14,Fernando Alonso,Ferrari,Sakhir,49.0,2010
824,2010-03-28,Jenson Button,McLaren Mercedes,Australia,58.0,2010
825,2010-04-04,Sebastian Vettel,RBR Renault,Malaysia,56.0,2010
826,2010-04-18,Jenson Button,McLaren Mercedes,China,56.0,2010
827,2010-05-09,Mark Webber,RBR Renault,Spain,66.0,2010
828,2010-05-16,Mark Webber,RBR Renault,Monaco,78.0,2010
829,2010-05-30,Lewis Hamilton,McLaren Mercedes,Turkiye,58.0,2010
830,2010-06-13,Lewis Hamilton,McLaren Mercedes,Canada,70.0,2010
831,2010-06-27,Sebastian Vettel,RBR Renault,Spain,57.0,2010
832,2010-07-11,Mark Webber,RBR Renault,Great Britain,52.0,2010
833,2010-07-25,Fernando Alonso,Ferrari,Germany,67.0,2010
834,2010-08-01,Mark Webber,RBR Renault,Hungary,70.0,2010
835,2010-08-29,Lewis Hamilton,McLaren Mercedes,Belgium,44.0,2010
836,2010-09-12,Fernando Alonso,Ferrari,Italy,53.0,2010
837,2010-09-26,Fernando Alonso,Ferrari,Singapore,61.0,2010
838,2010-10-10,Sebastian Vettel,RBR Renault,Japan,53.0,2010
839,2010-10-24,Fernando Alonso,Ferrari,South Korea,55.0,2010
840,2010-11-07,Sebastian Vettel,RBR Renault,Brazil,71.0,2010
841,2010-11-14,Sebastian Vettel,RBR Renault,Abu Dhabi,55.0,2010
842,2011-03-27,Sebastian Vettel,Red Bull Racing Renault,Australia,58.0,2011
843,2011-04-10,Sebastian Vettel,Red Bull Racing Renault,Malaysia,56.0,2011
844,2011-04-17,Lewis Hamilton,McLaren Mercedes,China,56.0,2011
845,2011-05-08,Sebastian Vettel,Red Bull Racing Renault,Turkiye,58.0,2011
846,2011-05-22,Sebastian Vettel,Red Bull Racing Renault,Spain,66.0,2011
847,2011-05-29,Sebastian Vettel,Red Bull Racing Renault,Monaco,78.0,2011
848,2011-06-12,Jenson Button,McLaren Mercedes,Canada,70.0,2011
849,2011-06-26,Sebastian Vettel,Red Bull Racing Renault,Spain,57.0,2011
850,2011-07-10,Fernando Alonso,Ferrari,Great Britain,52.0,2011
851,2011-07-24,Lewis Hamilton,McLaren Mercedes,Germany,60.0,2011
852,2011-07-31,Jenson Button,McLaren Mercedes,Hungary,70.0,2011
853,2011-08-28,Sebastian Vettel,Red Bull Racing Renault,Belgium,44.0,2011
854,2011-09-11,Sebastian Vettel,Red Bull Racing Renault,Italy,53.0,2011
855,2011-09-25,Sebastian Vettel,Red Bull Racing Renault,Singapore,61.0,2011
856,2011-10-09,Jenson Button,McLaren Mercedes,Japan,53.0,2011
857,2011-10-16,Sebastian Vettel,Red Bull Racing Renault,South Korea,55.0,2011
858,2011-10-30,Sebastian Vettel,Red Bull Racing Renault,India,60.0,2011
859,2011-11-13,Lewis Hamilton,McLaren Mercedes,Abu Dhabi,55.0,2011
860,2011-11-27,Mark Webber,Red Bull Racing Renault,Brazil,71.0,2011
861,2012-03-18,Jenson Button,McLaren Mercedes,Australia,58.0,2012
862,2012-03-25,Fernando Alonso,Ferrari,Malaysia,56.0,2012
863,2012-04-15,Nico Rosberg,Mercedes,China,56.0,2012
864,2012-04-22,Sebastian Vettel,Red Bull Racing Renault,Sakhir,57.0,2012
865,2012-05-13,Pastor Maldonado,Williams Renault,Spain,66.0,2012
866,2012-05-27,Mark Webber,Red Bull Racing Renault,Monaco,78.0,2012
867,2012-06-10,Lewis Hamilton,McLaren Mercedes,Canada,70.0,2012
868,2012-06-24,Fernando Alonso,Ferrari,Spain,57.0,2012
869,2012-07-08,Mark Webber,Red Bull Racing Renault,Great Britain,52.0,2012
870,2012-07-22,Fernando Alonso,Ferrari,Germany,67.0,2012
871,2012-07-29,Lewis Hamilton,McLaren Mercedes,Hungary,69.0,2012
872,2012-09-02,Jenson Button,McLaren Mercedes,Belgium,44.0,2012
873,2012-09-09,Lewis Hamilton,McLaren Mercedes,Italy,53.0,2012
874,2012-09-23,Sebastian Vettel,Red Bull Racing Renault,Singapore,59.0,2012
875,2012-10-07,Sebastian Vettel,Red Bull Racing Renault,Japan,53.0,2012
876,2012-10-14,Sebastian Vettel,Red Bull Racing Renault,South Korea,55.0,2012
877,2012-10-28,Sebastian Vettel,Red Bull Racing Renault,India,60.0,2012
878,2012-11-04,Kimi Raikkonen,Lotus Renault,Abu Dhabi,55.0,2012
879,2012-11-18,Lewis Hamilton,McLaren Mercedes,United States,56.0,2012
880,2012-11-25,Jenson Button,McLaren Mercedes,Brazil,71.0,2012
881,2013-03-17,Kimi Raikkonen,Lotus Renault,Australia,58.0,2013
882,2013-03-24,Sebastian Vettel,Red Bull Racing Renault,Malaysia,56.0,2013
883,2013-04-14,Fernando Alonso,Ferrari,China,56.0,2013
884,2013-04-21,Sebastian Vettel,Red Bull Racing Renault,Sakhir,57.0,2013
885,2013-05-12,Fernando Alonso,Ferrari,Spain,66.0,2013
886,2013-05-26,Nico Rosberg,Mercedes,Monaco,78.0,2013
887,2013-06-09,Sebastian Vettel,Red Bull Racing Renault,Canada,70.0,2013
888,2013-06-30,Nico Rosberg,Mercedes,Great Britain,52.0,2013
889,2013-07-07,Sebastian Vettel,Red Bull Racing Renault,Germany,60.0,2013
890,2013-07-28,Lewis Hamilton,Mercedes,Hungary,70.0,2013
891,2013-08-25,Sebastian Vettel,Red Bull Racing Renault,Belgium,44.0,2013
892,2013-09-08,Sebastian Vettel,Red Bull Racing Renault,Italy,53.0,2013
893,2013-09-22,Sebastian Vettel,Red Bull Racing Renault,Singapore,61.0,2013
894,2013-10-06,Sebastian Vettel,Red Bull Racing Renault,South Korea,55.0,2013
895,2013-10-13,Sebastian Vettel,Red Bull Racing Renault,Japan,53.0,2013
896,2013-10-27,Sebastian Vettel,Red Bull Racing Renault,India,60.0,2013
897,2013-11-03,Sebastian Vettel,Red Bull Racing Renault,Abu Dhabi,55.0,2013
898,2013-11-17,Sebastian Vettel,Red Bull Racing Renault,United States,56.0,2013
899,2013-11-24,Sebastian Vettel,Red Bull Racing Renault,Brazil,71.0,2013
900,2014-03-16,Nico Rosberg,Mercedes,Australia,57.0,2014
901,2014-03-30,Lewis Hamilton,Mercedes,Malaysia,56.0,2014
902,2014-04-06,Lewis Hamilton,Mercedes,Sakhir,57.0,2014
903,2014-04-20,Lewis Hamilton,Mercedes,China,54.0,2014
904,2014-05-11,Lewis Hamilton,Mercedes,Spain,66.0,2014
905,2014-05-25,Nico Rosberg,Mercedes,Monaco,78.0,2014
906,2014-06-08,Daniel Ricciardo,Red Bull Racing Renault,Canada,70.0,2014
907,2014-06-22,Nico Rosberg,Mercedes,Austria,71.0,2014
908,2014-07-06,Lewis Hamilton,Mercedes,Great Britain,52.0,2014
909,2014-07-20,Nico Rosberg,Mercedes,Germany,67.0,2014
910,2014-07-27,Daniel Ricciardo,Red Bull Racing Renault,Hungary,70.0,2014
911,2014-08-24,Daniel Ricciardo,Red Bull Racing Renault,Belgium,44.0,2014
912,2014-09-07,Lewis Hamilton,Mercedes,Italy,53.0,2014
913,2014-09-21,Lewis Hamilton,Mercedes,Singapore,60.0,2014
914,2014-10-05,Lewis Hamilton,Mercedes,Japan,44.0,2014
915,2014-10-21,Lewis Hamilton,Mercedes,Russia,53.0,2014
916,2014-11-02,Lewis Hamilton,Mercedes,United States,56.0,2014
917,2014-11-09,Nico Rosberg,Mercedes,Brazil,71.0,2014
918,2014-11-23,Lewis Hamilton,Mercedes,Abu Dhabi,55.0,2014
919,2015-03-15,Lewis Hamilton,Mercedes,Australia,58.0,2015
920,2015-03-29,Sebastian Vettel,Ferrari,Malaysia,56.0,2015
921,2015-04-12,Lewis Hamilton,Mercedes,China,56.0,2015
922,2015-04-19,Lewis Hamilton,Mercedes,Sakhir,57.0,2015
923,2015-05-10,Nico Rosberg,Mercedes,Spain,66.0,2015
924,2015-05-24,Nico Rosberg,Mercedes,Monaco,78.0,2015
925,2015-06-07,Lewis Hamilton,Mercedes,Canada,70.0,2015
926,2015-06-21,Nico Rosberg,Mercedes,Austria,71.0,2015
927,2015-07-05,Lewis Hamilton,Mercedes,Great Britain,52.0,2015
928,2015-07-26,Sebastian Vettel,Ferrari,Hungary,69.0,2015
929,2015-08-23,Lewis Hamilton,Mercedes,Belgium,43.0,2015
930,2015-09-06,Lewis Hamilton,Mercedes,Italy,53.0,2015
931,2015-09-20,Sebastian Vettel,Ferrari,Singapore,61.0,2015
932,2015-09-27,Lewis Hamilton,Mercedes,Japan,53.0,2015
933,2015-10-11,Lewis Hamilton,Mercedes,Russia,53.0,2015
934,2015-10-25,Lewis Hamilton,Mercedes,United States,56.0,2015
935,2015-11-01,Nico Rosberg,Mercedes,Mexico,71.0,2015
936,2015-11-15,Nico Rosberg,Mercedes,Brazil,71.0,2015
937,2015-11-29,Nico Rosberg,Mercedes,Abu Dhabi,55.0,2015
938,2016-03-20,Nico Rosberg,Mercedes,Australia,57.0,2016
939,2016-04-03,Nico Rosberg,Mercedes,Sakhir,57.0,2016
940,2016-04-17,Nico Rosberg,Mercedes,China,56.0,2016
941,2016-05-01,Nico Rosberg,Mercedes,Russia,53.0,2016
942,2016-05-15,Max Verstappen,Red Bull Racing TAG Heuer,Spain,66.0,2016
943,2016-05-29,Lewis Hamilton,Mercedes,Monaco,78.0,2016
944,2016-06-12,Lewis Hamilton,Mercedes,Canada,70.0,2016
945,2016-06-19,Nico Rosberg,Mercedes,Azerbaijan,51.0,2016
946,2016-07-03,Lewis Hamilton,Mercedes,Austria,71.0,2016
947,2016-07-10,Lewis Hamilton,Mercedes,Great Britain,52.0,2016
948,2016-07-24,Lewis Hamilton,Mercedes,Hungary,70.0,2016
949,2016-07-31,Lewis Hamilton,Mercedes,Germany,67.0,2016
950,2016-08-28,Nico Rosberg,Mercedes,Belgium,44.0,2016
951,2016-09-04,Nico Rosberg,Mercedes,Italy,53.0,2016
952,2016-09-18,Nico Rosberg,Mercedes,Singapore,61.0,2016
953,2016-10-02,Daniel Ricciardo,Red Bull Racing TAG Heuer,Malaysia,56.0,2016
954,2016-10-09,Nico Rosberg,Mercedes,Japan,53.0,2016
955,2016-10-23,Lewis Hamilton,Mercedes,United States,56.0,2016
956,2016-10-30,Lewis Hamilton,Mercedes,Mexico,71.0,2016
957,2016-11-13,Lewis Hamilton,Mercedes,Brazil,71.0,2016
958,2016-11-27,Lewis Hamilton,Mercedes,Abu Dhabi,55.0,2016
959,2017-03-26,Sebastian Vettel,Ferrari,Australia,57.0,2017
960,2017-04-09,Lewis Hamilton,Mercedes,China,56.0,2017
961,2017-04-16,Sebastian Vettel,Ferrari,Sakhir,57.0,2017
962,2017-04-30,Valtteri Bottas,Mercedes,Russia,52.0,2017
963,2017-05-14,Lewis Hamilton,Mercedes,Spain,66.0,2017
964,2017-05-28,Sebastian Vettel,Ferrari,Monaco,78.0,2017
965,2017-06-11,Lewis Hamilton,Mercedes,Canada,70.0,2017
966,2017-06-25,Daniel Ricciardo,Red Bull Racing TAG Heuer,Azerbaijan,51.0,2017
967,2017-07-09,Valtteri Bottas,Mercedes,Austria,71.0,2017
968,2017-07-16,Lewis Hamilton,Mercedes,Great Britain,51.0,2017
969,2017-07-30,Sebastian Vettel,Ferrari,Hungary,70.0,2017
970,2017-08-27,Lewis Hamilton,Mercedes,Belgium,44.0,2017
971,2017-09-03,Lewis Hamilton,Mercedes,Italy,53.0,2017
972,2017-09-17,Lewis Hamilton,Mercedes,Singapore,58.0,2017
973,2017-10-01,Max Verstappen,Red Bull Racing TAG Heuer,Malaysia,56.0,2017
974,2017-10-08,Lewis Hamilton,Mercedes,Japan,53.0,2017
975,2017-10-22,Lewis Hamilton,Mercedes,United States,56.0,2017
976,2017-10-29,Max Verstappen,Red Bull Racing TAG Heuer,Mexico,71.0,2017
977,2017-11-12,Sebastian Vettel,Ferrari,Brazil,71.0,2017
978,2017-11-26,Valtteri Bottas,Mercedes,Abu Dhabi,55.0,2017
979,2018-03-25,Sebastian Vettel,Ferrari,Australia,58.0,2018
980,2018-04-08,Sebastian Vettel,Ferrari,Sakhir,57.0,2018
981,2018-04-15,Daniel Ricciardo,Red Bull Racing TAG Heuer,China,56.0,2018
982,2018-04-29,Lewis Hamilton,Mercedes,Azerbaijan,51.0,2018
983,2018-05-13,Lewis Hamilton,Mercedes,Spain,66.0,2018
984,2018-05-27,Daniel Ricciardo,Red Bull Racing TAG Heuer,Monaco,78.0,2018
985,2018-06-10,Sebastian Vettel,Ferrari,Canada,68.0,2018
986,2018-06-24,Lewis Hamilton,Mercedes,France,53.0,2018
987,2018-07-01,Max Verstappen,Red Bull Racing TAG Heuer,Austria,71.0,2018
988,2018-07-08,Sebastian Vettel,Ferrari,Great Britain,52.0,2018
989,2018-07-22,Lewis Hamilton,Mercedes,Germany,67.0,2018
990,2018-07-29,Lewis Hamilton,Mercedes,Hungary,70.0,2018
991,2018-08-26,Sebastian Vettel,Ferrari,Belgium,44.0,2018
992,2018-09-02,Lewis Hamilton,Mercedes,Italy,53.0,2018
993,2018-09-16,Lewis Hamilton,Mercedes,Singapore,61.0,2018
994,2018-09-30,Lewis Hamilton,Mercedes,Russia,53.0,2018
995,2018-10-07,Lewis Hamilton,Mercedes,Japan,53.0,2018
996,2018-10-21,Kimi Raikkonen,Ferrari,United States,56.0,2018
997,2018-10-28,Max Verstappen,Red Bull Racing TAG Heuer,Mexico,71.0,2018
998,2018-11-11,Lewis Hamilton,Mercedes,Brazil,71.0,2018
999,2018-11-25,Lewis Hamilton,Mercedes,Abu Dhabi,55.0,2018
1000,2019-03-17,Valtteri Bottas,Mercedes,Australia,58.0,2019
1001,2019-03-31,Lewis Hamilton,Mercedes,Sakhir,57.0,2019
1002,2019-04-14,Lewis Hamilton,Mercedes,China,56.0,2019
1003,2019-04-28,Valtteri Bottas,Mercedes,Azerbaijan,51.0,2019
1004,2019-05-12,Lewis Hamilton,Mercedes,Spain,66.0,2019
1005,2019-05-26,Lewis Hamilton,Mercedes,Monaco,78.0,2019
1006,2019-06-09,Lewis Hamilton,Mercedes,Canada,70.0,2019
1007,2019-06-23,Lewis Hamilton,Mercedes,France,53.0,2019
1008,2019-06-30,Max Verstappen,Red Bull Racing Honda,Austria,71.0,2019
1009,2019-07-14,Lewis Hamilton,Mercedes,Great Britain,52.0,2019
1010,2019-07-28,Max Verstappen,Red Bull Racing Honda,Germany,64.0,2019
1011,2019-08-04,Lewis Hamilton,Mercedes,Hungary,70.0,2019
1012,2019-09-01,Charles Leclerc,Ferrari,Belgium,44.0,2019
1013,2019-09-08,Charles Leclerc,Ferrari,Italy,53.0,2019
1014,2019-09-22,Sebastian Vettel,Ferrari,Singapore,61.0,2019
1015,2019-09-29,Lewis Hamilton,Mercedes,Russia,53.0,2019
1016,2019-10-13,Valtteri Bottas,Mercedes,Japan,52.0,2019
1017,2019-10-27,Lewis Hamilton,Mercedes,Mexico,71.0,2019
1018,2019-11-03,Valtteri Bottas,Mercedes,United States,56.0,2019
1019,2019-11-17,Max Verstappen,Red Bull Racing Honda,Brazil,71.0,2019
1020,2019-12-01,Lewis Hamilton,Mercedes,Abu Dhabi,55.0,2019
1021,2020-07-05,Valtteri Bottas,Mercedes,Austria,71.0,2020
1022,2020-07-12,Lewis Hamilton,Mercedes,Styria,71.0,2020
1023,2020-07-19,Lewis Hamilton,Mercedes,Hungary,70.0,2020
1024,2020-08-02,Lewis Hamilton,Mercedes,Great Britain,52.0,2020
1025,2020-08-09,Max Verstappen,Red Bull Racing Honda,Great Britain,52.0,2020
1026,2020-08-16,Lewis Hamilton,Mercedes,Spain,66.0,2020
1027,2020-08-30,Lewis Hamilton,Mercedes,Belgium,44.0,2020
1028,2020-09-06,Pierre Gasly,AlphaTauri Honda,Italy,53.0,2020
1029,2020-09-13,Lewis Hamilton,Mercedes,Italy,59.0,2020
1030,2020-09-27,Valtteri Bottas,Mercedes,Russia,53.0,2020
1031,2020-10-11,Lewis Hamilton,Mercedes,Germany,60.0,2020
1032,2020-10-25,Lewis Hamilton,Mercedes,Portugal,66.0,2020
1033,2020-11-01,Lewis Hamilton,Mercedes,Italy,63.0,2020
1034,2020-11-15,Lewis Hamilton,Mercedes,Turkiye,58.0,2020
1035,2020-11-29,Lewis Hamilton,Mercedes,Sakhir,57.0,2020
1036,2020-12-06,Sergio Perez,Racing Point BWT Mercedes,Sakhir,87.0,2020
1037,2020-12-13,Max Verstappen,Red Bull Racing Honda,Abu Dhabi,55.0,2020
1038,2021-03-28,Lewis Hamilton,Mercedes,Sakhir,56.0,2021
1039,2021-04-18,Max Verstappen,Red Bull Racing Honda,Italy,63.0,2021
1040,2021-05-02,Lewis Hamilton,Mercedes,Portugal,66.0,2021
1041,2021-05-09,Lewis Hamilton,Mercedes,Spain,66.0,2021
1042,2021-05-23,Max Verstappen,Red Bull Racing Honda,Monaco,78.0,2021
1043,2021-06-06,Sergio Perez,Red Bull Racing Honda,Azerbaijan,51.0,2021
1044,2021-06-20,Max Verstappen,Red Bull Racing Honda,France,53.0,2021
1045,2021-06-27,Max Verstappen,Red Bull Racing Honda,Styria,71.0,2021
1046,2021-07-04,Max Verstappen,Red Bull Racing Honda,Austria,71.0,2021
1047,2021-07-18,Lewis Hamilton,Mercedes,Great Britain,52.0,2021
1048,2021-08-01,Esteban Ocon,Alpine Renault,Hungary,70.0,2021
1049,2021-08-29,Max Verstappen,Red Bull Racing Honda,Belgium,1.0,2021
1050,2021-09-05,Max Verstappen,Red Bull Racing Honda,Netherlands,72.0,2021
1051,2021-09-12,Daniel Ricciardo,McLaren Mercedes,Italy,53.0,2021
1052,2021-09-26,Lewis Hamilton,Mercedes,Russia,53.0,2021
1053,2021-10-10,Valtteri Bottas,Mercedes,Turkiye,58.0,2021
1054,2021-10-24,Max Verstappen,Red Bull Racing Honda,United States,56.0,2021
1055,2021-11-07,Max Verstappen,Red Bull Racing Honda,Mexico,71.0,2021
1056,2021-11-14,Lewis Hamilton,Mercedes,Brazil,71.0,2021
1057,2021-11-21,Lewis Hamilton,Mercedes,Qatar,57.0,2021
1058,2021-12-05,Lewis Hamilton,Mercedes,Saudi Arabia,50.0,2021
1059,2021-12-12,Max Verstappen,Red Bull Racing Honda,Abu Dhabi,58.0,2021
1060,2022-03-20,Charles Leclerc,Ferrari,Sakhir,57.0,2022
1061,2022-03-27,Max Verstappen,Red Bull Racing RBPT,Saudi Arabia,50.0,2022
1062,2022-04-10,Charles Leclerc,Ferrari,Australia,58.0,2022
1063,2022-04-24,Max Verstappen,Red Bull Racing RBPT,Italy,63.0,2022
1064,2022-05-08,Max Verstappen,Red Bull Racing RBPT,United States,57.0,2022
1065,2022-05-22,Max Verstappen,Red Bull Racing RBPT,Spain,66.0,2022
1066,2022-05-29,Sergio Perez,Red Bull Racing RBPT,Monaco,64.0,2022
1067,2022-06-12,Max Verstappen,Red Bull Racing RBPT,Azerbaijan,51.0,2022
1068,2022-06-19,Max Verstappen,Red Bull Racing RBPT,Canada,70.0,2022
1069,2022-07-03,Carlos Sainz,Ferrari,Great Britain,52.0,2022
1070,2022-07-10,Charles Leclerc,Ferrari,Austria,71.0,2022
1071,2022-07-24,Max Verstappen,Red Bull Racing RBPT,France,53.0,2022
1072,2022-07-31,Max Verstappen,Red Bull Racing RBPT,Hungary,70.0,2022
1073,2022-08-28,Max Verstappen,Red Bull Racing RBPT,Belgium,44.0,2022
1074,2022-09-04,Max Verstappen,Red Bull Racing RBPT,Netherlands,72.0,2022
1075,2022-09-11,Max Verstappen,Red Bull Racing RBPT,Italy,53.0,2022
1076,2022-10-02,Sergio Perez,Red Bull Racing RBPT,Singapore,59.0,2022
1077,2022-10-09,Max Verstappen,Red Bull Racing RBPT,Japan,28.0,2022
1078,2022-10-23,Max Verstappen,Red Bull Racing RBPT,United States,56.0,2022
1079,2022-10-30,Max Verstappen,Red Bull Racing RBPT,Mexico,71.0,2022
1080,2022-11-13,George Russell,Mercedes,Brazil,71.0,2022
1081,2022-11-20,Max Verstappen,Red Bull Racing RBPT,Abu Dhabi,58.0,2022
1082,2023-03-05,Max Verstappen,Red Bull Racing Honda RBPT,Sakhir,57.0,2023
1083,2023-03-19,Sergio Perez,Red Bull Racing Honda RBPT,Saudi Arabia,50.0,2023
1084,2023-04-02,Max Verstappen,Red Bull Racing Honda RBPT,Australia,58.0,2023
1085,2023-04-30,Sergio Perez,Red Bull Racing Honda RBPT,Azerbaijan,51.0,2023
1086,2023-05-07,Max Verstappen,Red Bull Racing Honda RBPT,United States,57.0,2023
1087,2023-05-28,Max Verstappen,Red Bull Racing Honda RBPT,Monaco,78.0,2023
1088,2023-06-04,Max Verstappen,Red Bull Racing Honda RBPT,Spain,66.0,2023
1089,2023-06-18,Max Verstappen,Red Bull Racing Honda RBPT,Canada,70.0,2023
1090,2023-07-02,Max Verstappen,Red Bull Racing Honda RBPT,Austria,71.0,2023
1091,2023-07-09,Max Verstappen,Red Bull Racing Honda RBPT,Great Britain,52.0,2023
1092,2023-07-23,Max Verstappen,Red Bull Racing Honda RBPT,Hungary,70.0,2023
1093,2023-07-30,Max Verstappen,Red Bull Racing Honda RBPT,Belgium,44.0,2023
1094,2023-08-27,Max Verstappen,Red Bull Racing Honda RBPT,Netherlands,72.0,2023
1095,2023-09-03,Max Verstappen,Red Bull Racing Honda RBPT,Italy,51.0,2023
1096,2023-09-17,Carlos Sainz,Ferrari,Singapore,62.0,2023
1097,2023-09-24,Max Verstappen,Red Bull Racing Honda RBPT,Japan,53.0,2023
1098,2023-10-08,Max Verstappen,Red Bull Racing Honda RBPT,Qatar,57.0,2023
1099,2023-10-22,Max Verstappen,Red Bull Racing Honda RBPT,United States,56.0,2023
1100,2023-10-29,Max Verstappen,Red Bull Racing Honda RBPT,Mexico,71.0,2023
1101,2023-11-05,Max Verstappen,Red Bull Racing Honda RBPT,Brazil,71.0,2023
1102,2023-11-18,Max Verstappen,Red Bull Racing Honda RBPT,United States,50.0,2023
1103,2023-11-26,Max Verstappen,Red Bull Racing Honda RBPT,Abu Dhabi,58.0,2023
1104,2024-03-02,Max Verstappen,Red Bull Racing Honda RBPT,Sakhir,57.0,2024
1105,2024-03-09,Max Verstappen,Red Bull Racing Honda RBPT,Saudi Arabia,50.0,2024
1106,2024-03-24,Carlos Sainz,Ferrari,Australia,58.0,2024
1107,2024-04-07,Max Verstappen,Red Bull Racing Honda RBPT,Japan,53.0,2024
1108,2024-04-21,Max Verstappen,Red Bull Racing Honda RBPT,China,56.0,2024
1109,2024-05-05,Lando Norris,McLaren Mercedes,United States,57.0,2024
1110,2024-05-19,Max Verstappen,Red Bull Racing Honda RBPT,Italy,63.0,2024
1111,2024-05-26,Charles Leclerc,Ferrari,Monaco,78.0,2024
1112,2024-06-09,Max Verstappen,Red Bull Racing Honda RBPT,Canada,70.0,2024
1113,2024-06-23,Max Verstappen,Red Bull Racing Honda RBPT,Spain,66.0,2024
1114,2024-06-30,George Russell,Mercedes,Austria,71.0,2024
1115,2024-07-07,Lewis Hamilton,Mercedes,Great Britain,52.0,2024
1116,2024-07-21,Oscar Piastri,McLaren Mercedes,Hungary,70.0,2024
1117,2024-07-28,Lewis Hamilton,Mercedes,Belgium,44.0,2024
1118,2024-08-25,Lando Norris,McLaren Mercedes,Netherlands,72.0,2024
1119,2024-09-01,Charles Leclerc,Ferrari,Italy,53.0,2024
1120,2024-09-15,Oscar Piastri,McLaren Mercedes,Azerbaijan,51.0,2024
1121,2024-09-22,Lando Norris,McLaren Mercedes,Singapore,62.0,2024
1122,2024-10-20,Charles Leclerc,Ferrari,United States,56.0,2024
1123,2024-10-27,Carlos Sainz,Ferrari,Mexico,71.0,2024
1124,2024-11-03,Max Verstappen,Red Bull Racing Honda RBPT,Brazil,69.0,2024
1125,2024-11-23,George Russell,Mercedes,United States,50.0,2024
1126,2024-12-01,Max Verstappen,Red Bull Racing Honda RBPT,Qatar,57.0,2024
1127,2024-12-08,Lando Norris,McLaren Mercedes,Abu Dhabi,58.0,2024
1128,2025-03-16,Lando Norris,McLaren,Australia,57.0,2025
1129,2025-03-23,Oscar Piastri,McLaren,China,56.0,2025
1130,2025-04-06,Max Verstappen,Red Bull Racing,Japan,53.0,2025
1131,2025-04-13,Oscar Piastri,McLaren,Sakhir,57.0,2025
1132,2025-04-20,Oscar Piastri,McLaren,Saudi Arabia,50.0,2025
1133,2025-05-04,Oscar Piastri,McLaren,United States,57.0,2025
1134,2025-05-18,Max Verstappen,Red Bull Racing,Italy,63.0,2025
1135,2025-05-25,Lando Norris,McLaren,Monaco,78.0,2025
1136,2025-06-01,Oscar Piastri,McLaren,Spain,66.0,2025
1137,2025-06-15,George Russell,Mercedes,Canada,70.0,2025
1138,2025-06-29,Lando Norris,McLaren,Austria,70.0,2025
1139,2025-07-06,Lando Norris,McLaren,Great Britain,52.0,2025
1140,2025-07-27,Oscar Piastri,McLaren,Belgium,44.0,2025
1141,2025-08-03,Lando Norris,McLaren,Hungary,70.0,2025
